t,0
1,3.5
2,3.5
3,3.5
4,3.67
5,3.67
6,3.66
7,3.65
8,3.65
9,3.65
10,3.66
11,3.67
12,3.67
13,3.67
14,3.66
15,3.63
16,3.6
17,3.57
18,3.55
19,3.52
20,3.5
21,3.48
22,3.45
23,3.43
24,3.4
25,3.39
26,3.37
27,3.36
28,3.35
29,3.34
30,3.34
31,2.859570099
32,3.32
33,3.33
34,3.35
35,3.38
36,3.39
37,3.4
38,3.38
39,3.34
40,3.28
41,3.23
42,3.19
43,3.16
44,3.13
45,3.11
46,3.07
47,3.05
48,3.03
49,3.02
50,3.01
51,3
52,2.99
53,2.99
54,2.99
55,2.99
56,3.01
57,3.06
58,3.13
59,3.19
60,3.23
61,3.25
62,3.25
63,3.23
64,2.72764853
65,3.18
66,3.16
67,3.14
68,3.12
69,3.11
70,3.09
71,3.09
72,3.08
73,3.07
74,3.08
75,3.08
76,3.09
77,3.11
78,2.735306681
79,3.12
80,3.14
81,3.18
82,3.23
83,3.26
84,3.29
85,3.3
86,3.31
87,3.31
88,3.31
89,3.31
90,3.32
91,3.33
92,3.34
93,3.35
94,3.36
95,3.37
96,3.37
97,3.38
98,3.39
99,3.4
100,3.41
101,3.42
102,3.43
103,3.44
104,3.45
105,3.46
106,3.48
107,3.51
108,3.53
109,3.54
110,3.54
111,3.54
112,3.54
113,3.54
114,3.53
115,3.52
116,3.52
117,3.5
118,3.49
119,3.47
120,3.46
121,3.45
122,3.43
123,3.43
124,3.42
125,3.42
126,3.41
127,3.4
128,3.4
129,3.42
130,3.43
131,2.903562176
132,3.47
133,3.48
134,3.48
135,3.47
136,3.46
137,3.45
138,3.44
139,3.44
140,3.44
141,3.43
142,3.43
143,3.42
144,3.41
145,3.41
146,3.4
147,3.4
148,3.39
149,3.39
150,3.39
151,3.4
152,3.4
153,3.42
154,3.44
155,2.831548242
156,3.48
157,3.5
158,3.5
159,3.5
160,3.49
161,3.49
162,3.49
163,3.49
164,3.49
165,3.49
166,3.5
167,3.5
168,3.5
169,3.5
170,3.49
171,3.49
172,3.5
173,3.5
174,3.5
175,3.5
176,3.5
177,3.52
178,3.54
179,3.56
180,3.57
181,3.57
182,3.55
183,3.54
184,3.51
185,3.49
186,3.47
187,3.45
188,3.43
189,3.42
190,3.39
191,3.37
192,3.36
193,3.34
194,3.32
195,3.31
196,3.29
197,3.28
198,3.26
199,3.25
200,3.24
201,3.25
202,3.28
203,3.29
204,3.3
205,3.3
206,3.28
207,3.27
208,3.25
209,3.23
210,2.694964413
211,3.21
212,3.2
213,3.19
214,3.18
215,3.18
216,3.16
217,3.16
218,3.14
219,3.14
220,3.13
221,3.13
222,3.12
223,3.11
224,3.11
225,3.13
226,3.15
227,2.634394427
228,3.19
229,3.2
230,3.19
231,3.18
232,3.15
233,3.13
234,3.12
235,3.1
236,3.09
237,3.08
238,3.07
239,3.06
240,3.04
241,3.04
242,3.04
243,3.04
244,3.05
245,3.06
246,3.06
247,3.07
248,3.09
249,3.12
250,3.16
251,3.2
252,3.23
253,3.26
254,3.28
255,3.29
256,3.3
257,3.31
258,3.32
259,3.33
260,3.34
261,3.35
262,3.35
263,3.36
264,3.36
265,3.37
266,3.38
267,3.38
268,3.39
269,3.4
270,3.4
271,3.4
272,3.41
273,3.42
274,3.43
275,3.45
276,3.46
277,3.47
278,3.48
279,3.48
280,3.48
281,3.49
282,3.49
283,3.49
284,2.955391539
285,3.48
286,3.48
287,3.49
288,3.49
289,3.5
290,3.5
291,3.51
292,3.53
293,3.54
294,3.55
295,3.56
296,3.58
297,3.6
298,3.62
299,3.63
300,3.64
301,3.65
302,3.67
303,3.7
304,3.72
305,3.73
306,3.73
307,3.72
308,3.71
309,3.131755614
310,3.66
311,3.64
312,3.61
313,3.58
314,3.55
315,3.53
316,3.5
317,3.47
318,3.45
319,3.43
320,3.4
321,3.4
322,3.41
323,3.42
324,3.41
325,3.4
326,3.37
327,3.35
328,3.31
329,3.28
330,3.27
331,3.26
332,3.26
333,3.25
334,3.24
335,3.24
336,3.24
337,3.24
338,3.25
339,3.26
340,3.26
341,3.27
342,3.28
343,3.3
344,3.32
345,3.36
346,3.41
347,3.46
348,2.926194888
349,3.52
350,3.53
351,3.54
352,3.53
353,3.53
354,3.54
355,3.54
356,3.53
357,3.53
358,3.52
359,3.51
360,3.49
361,3.48
362,3.47
363,3.46
364,3.45
365,3.43
366,3.43
367,3.42
368,3.42
369,3.44
370,3.49
371,3.53
372,3.56
373,3.58
374,3.59
375,3.032465061
376,3.51
377,3.46
378,3.44
379,3.43
380,3.42
381,3.42
382,3.41
383,3.42
384,3.43
385,3.44
386,3.45
387,3.47
388,3.48
389,3.49
390,3.49
391,3.49
392,3.5
393,3.53
394,3.56
395,3.59
396,3.58
397,3.56
398,3.53
399,3.49
400,3.44
401,3.39
402,3.35
403,3.32
404,3.28
405,3.26
406,3.23
407,3.21
408,3.19
409,3.17
410,3.14
411,3.11
412,3.08
413,3.06
414,3.03
415,3.01
416,2.696772287
417,3.06
418,3.13
419,3.19
420,3.23
421,3.26
422,3.26
423,3.23
424,3.13
425,3.06
426,3.02
427,2.99
428,2.97
429,2.95
430,2.93
431,2.92
432,2.89
433,2.87
434,2.85
435,2.83
436,2.81
437,2.8
438,2.79
439,2.78
440,2.79
441,2.88
442,2.99
443,3.07
444,3.14
445,3.18
446,3.18
447,2.710484408
448,3.04
449,2.97
450,2.93
451,2.89
452,2.85
453,2.82
454,2.79
455,2.77
456,2.74
457,2.72
458,2.7
459,2.69
460,2.67
461,2.66
462,2.64
463,2.64
464,2.67
465,2.78
466,2.87
467,2.96
468,3.02
469,3.06
470,3.08
471,3.05
472,2.97
473,2.91
474,2.87
475,2.84
476,2.82
477,2.8
478,2.78
479,2.76
480,2.73
481,2.72
482,2.71
483,2.69
484,2.68
485,2.66
486,2.65
487,2.37250722
488,2.67
489,2.76
490,2.85
491,2.94
492,3.01
493,3.06
494,3.09
495,3.07
496,3
497,2.93
498,2.88
499,2.85
500,2.83
501,2.81
502,2.79
503,2.77
504,2.75
505,2.73
506,2.72
507,2.72
508,2.71
509,2.71
510,2.7
511,2.71
512,2.469704398
513,2.8
514,2.87
515,2.93
516,2.97
517,3
518,3
519,2.97
520,2.92
521,2.89
522,2.88
523,2.86
524,2.84
525,2.82
526,2.81
527,2.8
528,2.78
529,2.77
530,2.77
531,2.75
532,2.75
533,2.74
534,2.73
535,2.73
536,2.74
537,2.78
538,2.82
539,2.86
540,2.88
541,2.9
542,2.9
543,2.88
544,2.84
545,2.82
546,2.8
547,2.79
548,2.78
549,2.77
550,2.77
551,2.76
552,2.76
553,2.76
554,2.76
555,2.76
556,2.76
557,2.76
558,2.75
559,2.75
560,2.76
561,2.78
562,2.81
563,2.84
564,2.448393574
565,2.86
566,2.86
567,2.85
568,2.84
569,2.83
570,2.83
571,2.82
572,2.82
573,2.82
574,2.8
575,2.79
576,2.79
577,2.78
578,2.78
579,2.78
580,2.78
581,2.78
582,2.78
583,2.78
584,2.79
585,2.81
586,2.86
587,2.9
588,2.93
589,2.96
590,2.98
591,2.98
592,2.97
593,2.96
594,2.96
595,2.97
596,2.98
597,3
598,3.03
599,3.05
600,3.07
601,3.1
602,3.13
603,3.16
604,3.19
605,3.22
606,3.24
607,3.27
608,3.29
609,3.32
610,3.35
611,2.823765498
612,3.43
613,3.45
614,3.47
615,3.47
616,3.46
617,3.46
618,3.45
619,3.45
620,3.46
621,3.46
622,3.45
623,3.46
624,3.45
625,3.45
626,3.46
627,3.46
628,3.46
629,3.47
630,3.47
631,3.47
632,3.48
633,2.856228814
634,3.55
635,3.59
636,3.61
637,3.63
638,3.63
639,3.61
640,3.57
641,3.53
642,3.49
643,3.46
644,3.43
645,3.4
646,3.37
647,3.35
648,3.34
649,3.32
650,3.31
651,3.29
652,3.28
653,3.27
654,3.27
655,3.26
656,3.27
657,3.29
658,3.31
659,3.34
660,3.36
661,3.36
662,3.35
663,3.33
664,3.31
665,3.28
666,3.26
667,3.24
668,3.23
669,3.22
670,3.2
671,3.18
672,3.17
673,3.15
674,3.14
675,3.13
676,3.13
677,3.12
678,3.12
679,3.11
680,3.13
681,3.17
682,3.21
683,3.26
684,3.29
685,2.639549902
686,3.32
687,3.29
688,3.22
689,3.15
690,3.12
691,3.09
692,3.06
693,3.04
694,3.01
695,2.99
696,2.97
697,2.96
698,2.96
699,2.95
700,2.95
701,2.96
702,2.97
703,2.98
704,3.01
705,3.06
706,3.13
707,3.18
708,3.22
709,3.23
710,3.23
711,3.22
712,3.2
713,3.18
714,3.17
715,3.16
716,3.15
717,3.13
718,3.1
719,3.08
720,3.05
721,3.02
722,3
723,2.98
724,2.97
725,2.96
726,2.95
727,2.94
728,2.97
729,3.04
730,3.11
731,2.69370797
732,3.22
733,3.25
734,3.26
735,3.24
736,3.17
737,3.1
738,3.07
739,3.05
740,3.04
741,3.04
742,3.03
743,3.04
744,3.04
745,3.05
746,3.06
747,3.06
748,3.07
749,3.08
750,3.1
751,3.11
752,3.13
753,3.18
754,3.22
755,3.27
756,3.3
757,3.34
758,3.37
759,3.36
760,3.32
761,2.32650625
762,3.25
763,3.23
764,3.22
765,3.21
766,3.2
767,3.19
768,3.19
769,3.18
770,3.18
771,3.17
772,3.18
773,3.18
774,3.18
775,3.18
776,3.2
777,3.22
778,3.26
779,3.29
780,3.31
781,2.439876477
782,3.33
783,3.33
784,3.3
785,3.27
786,3.26
787,3.26
788,3.25
789,3.25
790,3.25
791,3.24
792,3.22
793,3.22
794,3.21
795,3.21
796,3.2
797,3.19
798,3.18
799,3.17
800,3.16
801,3.18
802,3.21
803,3.25
804,3.27
805,3.29
806,3.29
807,3.29
808,3.27
809,3.23
810,3.2
811,3.18
812,3.15
813,3.13
814,3.11
815,3.09
816,3.07
817,3.06
818,3.04
819,3.02
820,3.01
821,2.99
822,2.98
823,2.97
824,3
825,3.09
826,3.2
827,3.27
828,3.34
829,3.37
830,3.38
831,3.35
832,3.28
833,2.764957983
834,3.18
835,3.17
836,3.15
837,3.14
838,3.13
839,3.11
840,3.08
841,3.08
842,3.06
843,3.03
844,3.02
845,3.02
846,3.02
847,3.02
848,3.06
849,2.692398399
850,3.2
851,3.27
852,3.31
853,3.35
854,3.37
855,3.36
856,3.33
857,3.28
858,3.24
859,3.2
860,3.17
861,3.15
862,3.11
863,3.08
864,3.05
865,3.03
866,3.02
867,3
868,3
869,2.99
870,2.99
871,2.99
872,3.03
873,3.11
874,3.22
875,3.32
876,3.39
877,3.46
878,3.48
879,3.46
880,3.39
881,3.31
882,3.26
883,3.23
884,3.2
885,3.18
886,3.15
887,3.13
888,3.1
889,3.1
890,3.08
891,3.07
892,3.09
893,3.09
894,3.11
895,3.13
896,3.18
897,3.23
898,3.3
899,2.440808081
900,3.41
901,3.46
902,3.49
903,3.49
904,3.48
905,3.45
906,3.44
907,3.43
908,3.42
909,3.42
910,3.41
911,3.41
912,3.41
913,3.41
914,3.4
915,3.41
916,3.41
917,3.41
918,3.41
919,3.41
920,3.44
921,3.51
922,3.6
923,3.66
924,3.72
925,3.75
926,2.693577818
927,3.75
928,3.7
929,3.65
930,3.61
931,3.59
932,3.58
933,3.58
934,3.56
935,3.55
936,3.54
937,3.55
938,3.55
939,3.56
940,3.57
941,3.59
942,3.61
943,3.62
944,3.65
945,3.71
946,3.79
947,3.85
948,3.9
949,3.91
950,3.9
951,3.87
952,3.82
953,3.78
954,3.75
955,3.73
956,3.72
957,3.69
958,3.67
959,3.65
960,3.64
961,3.62
962,3.6
963,3.6
964,3.59
965,3.6
966,3.63
967,3.65
968,3.69
969,3.74
970,3.79
971,3.84
972,3.87
973,3.88
974,3.87
975,3.85
976,3.79
977,3.73
978,3.68
979,3.62
980,3.57
981,3.53
982,3.5
983,2.996624113
984,3.46
985,3.44
986,3.43
987,3.41
988,3.41
989,3.41
990,3.4
991,3.4
992,3.41
993,3.43
994,3.47
995,3.5
996,3.53
997,3.54
998,3.54
999,3.54
1000,3.51
1001,3.45
1002,3.42
1003,3.39
1004,2.878349746
1005,3.34
1006,3.31
1007,3.29
1008,3.29
1009,3.28
1010,3.28
1011,3.28
1012,3.27
1013,3.26
1014,3.25
1015,3.24
1016,3.26
1017,3.31
1018,3.37
1019,2.858522727
1020,3.47
1021,3.51
1022,3.54
1023,3.54
1024,3.5
1025,3.43
1026,3.38
1027,3.34
1028,3.32
1029,3.31
1030,3.28
1031,3.27
1032,3.25
1033,3.24
1034,3.22
1035,3.21
1036,3.21
1037,3.2
1038,2.782060555
1039,3.2
1040,3.27
1041,3.36
1042,3.48
1043,3.58
1044,3.66
1045,3.72
1046,3.76
1047,3.77
1048,3.71
1049,3.6
1050,3.51
1051,3.45
1052,3.4
1053,3.37
1054,3.33
1055,3.3
1056,3.26
1057,3.24
1058,3.21
1059,3.2
1060,3.19
1061,3.17
1062,3.16
1063,3.15
1064,3.24
1065,3.4
1066,3.57
1067,3.74
1068,3.88
1069,3.96
1070,4.01
1071,4.01
1072,3.95
1073,3.75
1074,3.59
1075,3.48
1076,3.41
1077,3.36
1078,3.3
1079,3.26
1080,3.23
1081,3.2
1082,3.17
1083,3.14
1084,3.12
1085,3.11
1086,3.1
1087,3.11
1088,3.28
1089,2.975976514
1090,3.75
1091,3.92
1092,4.02
1093,4.04
1094,4.05
1095,4.05
1096,4.03
1097,3.9
1098,3.75
1099,3.66
1100,3.57
1101,3.51
1102,3.45
1103,3.41
1104,3.36
1105,3.33
1106,3.29
1107,3.26
1108,3.25
1109,3.22
1110,3.2
1111,3.2
1112,3.37
1113,3.61
1114,3.194486098
1115,3.98
1116,4.04
1117,4.05
1118,4.06
1119,4.05
1120,4.03
1121,3.93
1122,3.77
1123,3.65
1124,3.55
1125,3.47
1126,3.43
1127,3.38
1128,3.33
1129,3.3
1130,3.26
1131,3.24
1132,3.22
1133,3.19
1134,3.18
1135,3.2
1136,3.35
1137,3.59
1138,3.83
1139,4
1140,4.05
1141,4.06
1142,4.06
1143,4.06
1144,4.04
1145,3.93
1146,3.8
1147,3.68
1148,3.6
1149,3.53
1150,3.48
1151,3.42
1152,3.37
1153,3.33
1154,3.29
1155,3.25
1156,3.22
1157,3.19
1158,3.18
1159,2.737998818
1160,3.35
1161,3.62
1162,3.86
1163,4
1164,4.05
1165,4.06
1166,4.06
1167,4.06
1168,4.05
1169,3.96
1170,3.8
1171,3.68
1172,3.61
1173,3.55
1174,3.5
1175,3.46
1176,3.46
1177,3.45
1178,3.43
1179,3.42
1180,3.42
1181,3.42
1182,3.43
1183,3.44
1184,2.913511706
1185,3.66
1186,3.77
1187,3.86
1188,3.91
1189,3.94
1190,3.95
1191,3.94
1192,3.9
1193,3.8
1194,3.72
1195,3.66
1196,3.6
1197,3.57
1198,3.51
1199,3.47
1200,3.44
1201,3.42
1202,3.38
1203,3.36
1204,3.35
1205,3.34
1206,3.34
1207,3.35
1208,3.43
1209,3.55
1210,3.69
1211,3.81
1212,3.9
1213,3.95
1214,3.98
1215,3.97
1216,3.94
1217,3.85
1218,3.77
1219,3.7
1220,3.64
1221,3.6
1222,3.56
1223,3.53
1224,3.5
1225,3.48
1226,3.47
1227,3.45
1228,3.45
1229,3.44
1230,3.43
1231,3.45
1232,3.54
1233,3.68
1234,2.942519149
1235,3.94
1236,4
1237,4.01
1238,4.02
1239,4.01
1240,3.99
1241,3.96
1242,3.92
1243,3.89
1244,3.87
1245,3.85
1246,3.85
1247,3.85
1248,3.84
1249,3.83
1250,3.82
1251,3.8
1252,3.79
1253,3.76
1254,3.74
1255,3.72
1256,3.71
1257,3.72
1258,3.74
1259,3.76
1260,3.78
1261,3.79
1262,3.79
1263,3.78
1264,3.74
1265,3.66
1266,3.57
1267,3.51
1268,3.44
1269,3.4
1270,2.708092532
1271,3.3
1272,3.25
1273,3.21
1274,3.18
1275,3.14
1276,3.12
1277,3.09
1278,3.06
1279,3.07
1280,3.15
1281,3.26
1282,3.39
1283,3.51
1284,3.62
1285,3.71
1286,3.74
1287,2.915704194
1288,3.68
1289,3.54
1290,3.44
1291,3.37
1292,3.32
1293,3.27
1294,3.21
1295,3.18
1296,3.14
1297,3.12
1298,3.08
1299,3.06
1300,3.04
1301,3.03
1302,3.02
1303,3.05
1304,3.22
1305,3.4
1306,3.6
1307,3.78
1308,3.182111437
1309,3.97
1310,3.99
1311,4
1312,3.97
1313,3.84
1314,3.66
1315,3.55
1316,3.46
1317,3.41
1318,3.34
1319,3.29
1320,3.25
1321,3.22
1322,3.2
1323,3.17
1324,3.15
1325,3.14
1326,3.13
1327,3.17
1328,3.38
1329,3.63
1330,3.88
1331,4.02
1332,4.05
1333,4.06
1334,4.06
1335,4.06
1336,4.05
1337,4.01
1338,3.89
1339,3.77
1340,3.68
1341,3.6
1342,3.51
1343,3.46
1344,3.4
1345,3.37
1346,3.32
1347,3.3
1348,3.28
1349,3.25
1350,2.822472089
1351,3.25
1352,3.47
1353,3.74
1354,3.96
1355,4.04
1356,4.06
1357,4.06
1358,4.06
1359,4.06
1360,4.06
1361,4.03
1362,3.93
1363,3.82
1364,3.7
1365,3.61
1366,3.53
1367,3.46
1368,3.4
1369,3.35
1370,3.31
1371,3.27
1372,3.25
1373,3.23
1374,3.2
1375,3.27
1376,3.53
1377,3.82
1378,4.04
1379,4.06
1380,3.417623457
1381,4.06
1382,4.06
1383,4.06
1384,4.06
1385,4.05
1386,3.99
1387,3.9
1388,3.81
1389,3.74
1390,3.69
1391,3.64
1392,3.62
1393,3.59
1394,3.56
1395,3.53
1396,3.52
1397,3.5
1398,3.49
1399,3.54
1400,3.72
1401,3.88
1402,3.271736264
1403,4.01
1404,4.02
1405,4.02
1406,4.02
1407,4.02
1408,4.01
1409,3.98
1410,3.95
1411,3.92
1412,3.89
1413,3.87
1414,3.84
1415,3.82
1416,3.79
1417,3.77
1418,3.75
1419,3.74
1420,3.73
1421,3.72
1422,3.7
1423,3.69
1424,3.71
1425,3.72
1426,3.73
1427,3.74
1428,3.75
1429,3.75
1430,3.74
1431,3.72
1432,3.7
1433,3.66
1434,3.62
1435,3.6
1436,3.57
1437,3.56
1438,3.54
1439,3.52
1440,3.5
1441,3.49
1442,3.48
1443,3.48
1444,3.47
1445,3.47
1446,3.47
1447,3.48
1448,3.51
1449,3.56
1450,3.61
1451,3.67
1452,3.72
1453,3.77
1454,3.122188955
1455,3.81
1456,3.81
1457,3.78
1458,3.74
1459,3.73
1460,3.74
1461,3.74
1462,3.75
1463,3.76
1464,3.77
1465,3.8
1466,3.82
1467,3.83
1468,3.83
1469,3.84
1470,3.83
1471,3.85
1472,3.9
1473,3.95
1474,3.99
1475,4.01
1476,4.03
1477,4.03
1478,4.04
1479,4.04
1480,4.03
1481,4.02
1482,4.01
1483,4
1484,3.339447087
1485,4
1486,4
1487,3.99
1488,3.99
1489,3.98
1490,3.97
1491,3.97
1492,3.96
1493,3.95
1494,3.95
1495,3.96
1496,3.99
1497,4
1498,3.99
1499,3.97
1500,3.94
1501,3.91
1502,3.88
1503,3.85
1504,3.81
1505,3.74
1506,3.69
1507,3.037410615
1508,3.64
1509,3.62
1510,3.61
1511,3.61
1512,3.59
1513,3.58
1514,3.57
1515,3.56
1516,3.55
1517,3.53
1518,3.53
1519,3.54
1520,3.58
1521,3.62
1522,3.66
1523,3.7
1524,3.73
1525,3.75
1526,3.76
1527,3.75
1528,3.74
1529,3.68
1530,3.61
1531,3.56
1532,3.53
1533,3.51
1534,3.48
1535,3.46
1536,3.45
1537,3.44
1538,3.43
1539,3.42
1540,3.41
1541,3.4
1542,3.4
1543,3.45
1544,2.997484769
1545,3.74
1546,3.89
1547,3.98
1548,4.03
1549,4.04
1550,4.05
1551,4.05
1552,4.05
1553,4.04
1554,4.02
1555,3.99
1556,3.98
1557,3.96
1558,3.96
1559,3.95
1560,3.95
1561,3.94
1562,3.93
1563,3.93
1564,3.93
1565,3.93
1566,3.93
1567,3.94
1568,3.96
1569,3.98
1570,4
1571,4
1572,3.99
1573,3.99
1574,3.10361103
1575,3.99
1576,3.97
1577,3.92
1578,3.85
1579,3.8
1580,3.78
1581,3.77
1582,3.77
1583,3.76
1584,3.75
1585,3.74
1586,3.73
1587,3.71
1588,3.69
1589,3.68
1590,3.67
1591,3.68
1592,3.71
1593,3.74
1594,3.77
1595,3.81
1596,3.84
1597,3.87
1598,3.88
1599,3.88
1600,3.85
1601,3.77
1602,3.69
1603,3.64
1604,3.63
1605,3.61
1606,3.61
1607,3.62
1608,3.63
1609,3.64
1610,3.65
1611,3.66
1612,3.67
1613,3.69
1614,3.7
1615,3.73
1616,3.77
1617,3.84
1618,3.92
1619,3.98
1620,4
1621,4.01
1622,4
1623,3.97
1624,3.92
1625,3.86
1626,3.82
1627,3.79
1628,3.77
1629,3.169724714
1630,3.74
1631,3.74
1632,3.73
1633,3.73
1634,3.72
1635,3.7
1636,3.69
1637,3.66
1638,3.64
1639,3.65
1640,3.7
1641,3.76
1642,3.81
1643,3.85
1644,3.88
1645,3.89
1646,3.89
1647,3.85
1648,3.8
1649,3.089411765
1650,3.66
1651,3.58
1652,3.53
1653,3.47
1654,3.44
1655,3.42
1656,3.41
1657,3.4
1658,3.39
1659,3.37
1660,3.36
1661,3.35
1662,3.33
1663,3.32
1664,3.33
1665,3.35
1666,3.39
1667,3.43
1668,3.47
1669,3.5
1670,2.683532609
1671,3.52
1672,3.5
1673,3.47
1674,3.43
1675,3.41
1676,3.39
1677,3.38
1678,3.36
1679,3.35
1680,3.33
1681,3.31
1682,3.3
1683,3.28
1684,3.27
1685,3.27
1686,3.27
1687,3.32
1688,3.42
1689,3.51
1690,3.61
1691,3.69
1692,3.76
1693,3.81
1694,3.85
1695,3.86
1696,3.84
1697,3.8
1698,3.77
1699,3.76
1700,3.76
1701,3.75
1702,3.72
1703,3.68
1704,3.65
1705,3.61
1706,3.57
1707,3.55
1708,3.54
1709,3.53
1710,3.52
1711,3.55
1712,3.59
1713,3.64
1714,3.67
1715,3.7
1716,3.71
1717,3.74
1718,2.617162029
1719,3.72
1720,3.68
1721,3.65
1722,3.62
1723,3.59
1724,3.57
1725,3.56
1726,3.55
1727,3.54
1728,3.54
1729,3.54
1730,3.54
1731,3.55
1732,3.55
1733,3.54
1734,3.54
1735,3.55
1736,3.57
1737,3.58
1738,3.59
1739,3.59
1740,3.59
1741,3.59
1742,3.6
1743,3.62
1744,3.63
1745,3.63
1746,3.63
1747,3.63
1748,3.64
1749,3.64
1750,3.65
1751,3.64
1752,3.64
1753,3.63
1754,3.62
1755,3.62
1756,3.62
1757,3.62
1758,3.62
1759,3.64
1760,3.67
1761,3.72
1762,3.78
1763,3.83
1764,3.88
1765,3.92
1766,3.95
1767,3.97
1768,3.99
1769,3.99
1770,3.97
1771,3.225338932
1772,3.93
1773,3.9
1774,3.87
1775,3.85
1776,3.83
1777,3.81
1778,3.8
1779,3.79
1780,3.77
1781,3.247598052
1782,3.75
1783,3.77
1784,3.79
1785,3.83
1786,3.85
1787,3.88
1788,3.9
1789,3.92
1790,3.93
1791,3.94
1792,3.95
1793,3.96
1794,3.96
1795,3.95
1796,3.94
1797,3.92
1798,3.9
1799,3.89
1800,3.88
1801,3.87
1802,3.85
1803,3.83
1804,3.82
1805,3.8
1806,3.79
1807,3.84
1808,3.9
1809,3.91
1810,3.91
1811,3.91
1812,3.91
1813,3.9
1814,3.88
1815,3.81
1816,3.75
1817,3.68
1818,3.59
1819,3.54
1820,3.51
1821,3.48
1822,3.45
1823,3.42
1824,3.39
1825,3.38
1826,3.37
1827,3.36
1828,3.37
1829,3.36
1830,3.37
1831,3.41
1832,3.47
1833,3.53
1834,3.6
1835,3.64
1836,3.69
1837,3.71
1838,3.73
1839,3.72
1840,3.68
1841,3.62
1842,3.53
1843,3.46
1844,3.41
1845,3.36
1846,3.32
1847,2.830707836
1848,3.25
1849,3.23
1850,3.19
1851,3.17
1852,3.17
1853,3.16
1854,3.16
1855,3.25
1856,3.4
1857,3.53
1858,2.942864207
1859,3.7
1860,3.76
1861,3.81
1862,3.83
1863,3.84
1864,3.83
1865,3.77
1866,3.62
1867,3.48
1868,3.39
1869,3.32
1870,3.27
1871,3.23
1872,3.2
1873,3.17
1874,3.15
1875,3.13
1876,3.12
1877,3.12
1878,2.742564817
1879,3.3
1880,3.5
1881,3.69
1882,3.85
1883,3.94
1884,3.98
1885,4
1886,4.01
1887,4.02
1888,4.01
1889,3.97
1890,3.85
1891,3.77
1892,3.7
1893,3.64
1894,3.57
1895,3.53
1896,3.46
1897,3.43
1898,3.4
1899,3.39
1900,3.37
1901,3.36
1902,3.37
1903,3.53
1904,3.72
1905,3.89
1906,4
1907,4.04
1908,4.06
1909,4.06
1910,4.06
1911,4.06
1912,4.06
1913,4.05
1914,4.01
1915,3.93
1916,3.85
1917,3.77
1918,3.67
1919,3.61
1920,3.55
1921,3.52
1922,3.48
1923,3.45
1924,3.43
1925,3.41
1926,3.42
1927,3.005327869
1928,3.81
1929,3.99
1930,4.04
1931,4.05
1932,4.06
1933,4.06
1934,4.06
1935,4.06
1936,4.06
1937,4.06
1938,4.04
1939,4.01
1940,3.95
1941,3.89
1942,3.82
1943,3.76
1944,3.71
1945,3.66
1946,3.6
1947,3.55
1948,3.52
1949,3.5
1950,3.51
1951,3.66
1952,3.115041617
1953,3.93
1954,3.97
1955,3.99
1956,4.02
1957,4.03
1958,4.05
1959,4.05
1960,4.04
1961,4.03
1962,3.99
1963,3.92
1964,3.86
1965,3.79
1966,3.72
1967,3.66
1968,3.61
1969,3.57
1970,3.52
1971,3.49
1972,3.45
1973,3.43
1974,3.44
1975,3.54
1976,3.68
1977,3.81
1978,3.9
1979,3.96
1980,4
1981,4.02
1982,3.083846154
1983,4.02
1984,4.01
1985,3.97
1986,3.85
1987,3.76
1988,3.69
1989,3.64
1990,3.57
1991,3.53
1992,3.51
1993,3.49
1994,3.48
1995,3.46
1996,3.45
1997,3.44
1998,3.44
1999,3.49
2000,3.55
2001,3.6
2002,3.65
2003,3.7
2004,3.72
2005,3.72
2006,3.71
2007,3.69
2008,3.67
2009,3.61
2010,3.56
2011,3.51
2012,3.48
2013,3.46
2014,3.44
2015,3.42
2016,3.4
2017,3.39
2018,3.37
2019,3.37
2020,3.37
2021,3.37
2022,3.38
2023,3.44
2024,3.52
2025,3.58
2026,2.736534802
2027,3.69
2028,3.73
2029,3.76
2030,3.77
2031,3.78
2032,3.76
2033,3.73
2034,3.67
2035,3.63
2036,3.6
2037,3.58
2038,3.55
2039,3.52
2040,3.5
2041,3.46
2042,3.43
2043,3.41
2044,3.41
2045,3.4
2046,3.42
2047,3.51
2048,3.61
2049,3.7
2050,3.79
2051,3.86
2052,3.91
2053,3.94
2054,3.95
2055,2.861129288
2056,3.95
2057,3.93
2058,3.86
2059,3.8
2060,3.76
2061,3.72
2062,3.67
2063,3.64
2064,3.61
2065,3.58
2066,3.56
2067,3.55
2068,3.53
2069,3.53
2070,3.54
2071,3.65
2072,3.78
2073,3.9
2074,3.99
2075,4.02
2076,4.03
2077,4.04
2078,4.04
2079,4.04
2080,4.04
2081,4.03
2082,4.01
2083,3.98
2084,3.93
2085,3.89
2086,3.81
2087,3.76
2088,3.73
2089,3.7
2090,3.66
2091,3.63
2092,3.61
2093,3.58
2094,3.6
2095,3.78
2096,3.95
2097,4.03
2098,4.05
2099,4.06
2100,4.06
2101,4.06
2102,2.922748282
2103,4.06
2104,4.06
2105,4.06
2106,4.04
2107,3.97
2108,3.88
2109,3.8
2110,3.72
2111,3.65
2112,3.57
2113,3.51
2114,3.47
2115,3.44
2116,3.41
2117,3.4
2118,3.46
2119,3.72
2120,3.97
2121,4.06
2122,4.06
2123,4.06
2124,4.06
2125,4.06
2126,3.050859586
2127,4.06
2128,4.06
2129,4.06
2130,4.06
2131,4.03
2132,3.99
2133,3.95
2134,3.87
2135,3.81
2136,3.75
2137,3.69
2138,3.61
2139,3.57
2140,3.55
2141,3.59
2142,3.76
2143,3.91
2144,3.96
2145,4
2146,4.02
2147,4.04
2148,4.04
2149,4.05
2150,4.04
2151,4.03
2152,3.99
2153,3.9
2154,3.81
2155,3.73
2156,3.66
2157,3.58
2158,3.51
2159,3.43
2160,3.37
2161,3.31
2162,3.27
2163,3.24
2164,3.22
2165,3.29
2166,3.49
2167,3.69
2168,3.84
2169,3.95
2170,4
2171,4.03
2172,4.05
2173,4.05
2174,4.05
2175,4.05
2176,2.762015748
2177,3.96
2178,3.89
2179,3.82
2180,3.5
2181,2.5
2182,3.5
2183,3.5
2184,3.5
2185,3.52
2186,3.48
2187,3.45
2188,3.43
2189,3.49
2190,3.68
2191,3.88
2192,4
2193,4.05
2194,4.06
2195,4.06
2196,4.06
2197,4.06
2198,4.06
2199,4.06
2200,4.06
2201,4.06
2202,4.05
2203,4.04
2204,4.03
2205,4.02
2206,4
2207,3.97
2208,3.94
2209,3.91
2210,3.87
2211,3.84
2212,3.81
2213,3.81
2214,3.88
2215,3.92
2216,3.17997155
2217,3.94
2218,3.95
2219,3.97
2220,3.97
2221,3.98
2222,3.97
2223,3.95
2224,3.9
2225,3.85
2226,3.8
2227,3.76
2228,3.73
2229,3.69
2230,3.66
2231,3.6
2232,3.56
2233,3.53
2234,3.51
2235,3.49
2236,3.48
2237,3.51
2238,3.56
2239,3.61
2240,3.65
2241,3.68
2242,2.775725594
2243,3.71
2244,3.72
2245,3.72
2246,3.72
2247,3.72
2248,3.7
2249,3.67
2250,3.63
2251,3.62
2252,3.59
2253,3.5
2254,3.5
2255,3.5
2256,3.5
2257,3.5
2258,3.5
2259,3.49
2260,3.48
2261,3.5
2262,3.56
2263,3.64
2264,3.69
2265,3.75
2266,3.79
2267,3.83
2268,3.86
2269,3.87
2270,2.621551724
2271,3.88
2272,3.86
2273,3.83
2274,3.5
2275,3.5
2276,3.5
2277,3.5
2278,3.5
2279,3.5
2280,3.5
2281,3.57
2282,3.55
2283,3.55
2284,3.54
2285,3.6
2286,3.72
2287,3.86
2288,3.99
2289,4.04
2290,4.06
2291,4.06
2292,4.06
2293,4.06
2294,4.06
2295,4.06
2296,4.06
2297,4.06
2298,4.04
2299,3.5
2300,3.5
2301,3.5
2302,3.5
2303,3.5
2304,3.5
2305,3.73
2306,3.68
2307,3.66
2308,3.63
2309,3.73
2310,3.94
2311,2.993848639
2312,4.06
2313,4.06
2314,4.06
2315,4.06
2316,4.06
2317,4.06
2318,4.06
2319,4.06
2320,4.06
2321,4.05
2322,4.04
2323,4.03
2324,4.01
2325,3.97
2326,3.93
2327,3.88
2328,3.83
2329,3.8
2330,3.77
2331,3.74
2332,3.72
2333,3.79
2334,3.94
2335,4
2336,4.01
2337,4.03
2338,4.04
2339,4.04
2340,4.05
2341,4.05
2342,4.05
2343,4.04
2344,4.04
2345,4.02
2346,3.99
2347,3.96
2348,3.93
2349,3.88
2350,3.108367199
2351,3.76
2352,3.71
2353,3.67
2354,3.64
2355,3.61
2356,3.6
2357,3.65
2358,3.74
2359,3.83
2360,3.91
2361,3.97
2362,4.01
2363,4.03
2364,4.04
2365,4.04
2366,4.03
2367,4.03
2368,4
2369,3.94
2370,3.86
2371,3.8
2372,3.74
2373,3.68
2374,3.6
2375,3.55
2376,3.5
2377,3.45
2378,3.41
2379,3.38
2380,3.36
2381,3.43
2382,3.54
2383,3.66
2384,3.77
2385,3.129793702
2386,3.92
2387,3.95
2388,3.98
2389,3.99
2390,3.98
2391,3.96
2392,3.92
2393,3.83
2394,3.73
2395,3.65
2396,3.58
2397,3.52
2398,3.46
2399,3.4
2400,3.36
2401,3.32
2402,3.28
2403,3.25
2404,3.22
2405,3.29
2406,3.42
2407,3.55
2408,3.64
2409,3.72
2410,3.77
2411,3.81
2412,3.84
2413,3.85
2414,3.83
2415,3.8
2416,3.75
2417,3.67
2418,3.6
2419,2.742976744
2420,3.49
2421,3.43
2422,3.39
2423,3.36
2424,3.33
2425,3.3
2426,3.28
2427,3.27
2428,3.26
2429,3.29
2430,3.35
2431,3.42
2432,3.47
2433,3.52
2434,3.57
2435,3.59
2436,3.61
2437,3.61
2438,3.59
2439,3.57
2440,3.53
2441,3.48
2442,3.42
2443,3.39
2444,3.36
2445,2.615641804
2446,3.3
2447,3.27
2448,3.25
2449,3.23
2450,3.21
2451,3.2
2452,3.19
2453,3.23
2454,3.29
2455,3.37
2456,3.44
2457,3.5
2458,3.54
2459,3.57
2460,3.59
2461,3.6
2462,3.59
2463,3.56
2464,3.52
2465,3.45
2466,3.38
2467,3.34
2468,3.31
2469,3.28
2470,3.26
2471,3.24
2472,3.23
2473,3.21
2474,3.2
2475,3.19
2476,3.19
2477,3.23
2478,3.31
2479,3.4
2480,3.5
2481,3.61
2482,3.67
2483,3.73
2484,3.76
2485,3.78
2486,3.78
2487,3.77
2488,3.73
2489,3.68
2490,3.62
2491,2.792264151
2492,3.55
2493,3.51
2494,3.48
2495,3.46
2496,3.44
2497,3.41
2498,3.39
2499,3.36
2500,3.35
2501,3.43
2502,3.58
2503,3.74
2504,3.91
2505,4.01
2506,4.05
2507,4.05
2508,4.06
2509,4.06
2510,4.06
2511,4.06
2512,4.05
2513,4.03
2514,3.96
2515,3.084217443
2516,3.82
2517,3.73
2518,3.66
2519,3.57
2520,3.51
2521,3.44
2522,3.4
2523,3.36
2524,3.35
2525,3.51
2526,3.74
2527,3.93
2528,4.03
2529,4.05
2530,4.06
2531,4.06
2532,4.06
2533,4.06
2534,4.06
2535,4.06
2536,4.06
2537,4.06
2538,4.04
2539,4.01
2540,3.97
2541,3.92
2542,3.88
2543,3.82
2544,3.77
2545,3.73
2546,3.69
2547,3.67
2548,3.68
2549,3.81
2550,3.96
2551,4.05
2552,4.06
2553,3.167885228
2554,4.06
2555,4.06
2556,4.06
2557,4.06
2558,4.06
2559,4.06
2560,4.06
2561,4.06
2562,4.05
2563,4.04
2564,4.02
2565,3.98
2566,3.93
2567,3.87
2568,3.8
2569,3.75
2570,3.71
2571,3.67
2572,3.67
2573,3.86
2574,4.03
2575,4.06
2576,4.06
2577,4.06
2578,4.06
2579,4.06
2580,4.06
2581,4.06
2582,4.06
2583,4.06
2584,4.06
2585,4.06
2586,4.06
2587,4.05
2588,4.04
2589,4.03
2590,4
2591,3.95
2592,3.9
2593,3.84
2594,3.8
2595,3.77
2596,3.77
2597,3.96
2598,4.05
2599,4.06
2600,4.06
2601,4.06
2602,4.06
2603,4.06
2604,4.06
2605,4.06
2606,4.06
2607,4.06
2608,3.40475032
2609,4.06
2610,4.05
2611,4.04
2612,4.03
2613,4
2614,3.96
2615,3.88
2616,3.82
2617,3.77
2618,3.71
2619,3.67
2620,3.68
2621,3.91
2622,4.03
2623,4.06
2624,4.06
2625,4.06
2626,4.06
2627,4.06
2628,4.06
2629,4.06
2630,4.06
2631,4.06
2632,4.06
2633,4.06
2634,4.06
2635,4.03
2636,4
2637,3.96
2638,3.9
2639,3.81
2640,3.74
2641,3.67
2642,3.6
2643,3.57
2644,3.61
2645,3.89
2646,4.05
2647,4.06
2648,4.06
2649,4.06
2650,4.06
2651,4.06
2652,4.06
2653,4.06
2654,4.06
2655,4.06
2656,4.06
2657,4.06
2658,3.143876518
2659,4.05
2660,4.04
2661,4.02
2662,3.99
2663,3.95
2664,3.89
2665,3.82
2666,3.78
2667,3.75
2668,3.78
2669,4
2670,4.06
2671,4.06
2672,4.06
2673,4.06
2674,4.06
2675,4.06
2676,4.06
2677,4.06
2678,4.06
2679,4.06
2680,4.06
2681,4.06
2682,4.06
2683,4.06
2684,4.06
2685,4.05
2686,4.05
2687,4.04
2688,4.03
2689,4.02
2690,4
2691,3.98
2692,3.99
2693,4.04
2694,4.06
2695,4.06
2696,4.06
2697,4.06
2698,4.06
2699,4.06
2700,4.06
2701,3.127828315
2702,4.06
2703,4.06
2704,4.06
2705,4.06
2706,4.06
2707,3.5
2708,3.5
2709,4.05
2710,4.05
2711,4.05
2712,4.04
2713,4.04
2714,4.03
2715,4.02
2716,4.03
2717,4.06
2718,4.06
2719,4.06
2720,4.06
2721,4.06
2722,4.06
2723,4.06
2724,4.06
2725,4.06
2726,4.06
2727,4.06
2728,4.06
2729,4.05
2730,3.217671047
2731,4.02
2732,4
2733,3.97
2734,3.94
2735,3.87
2736,3.84
2737,3.81
2738,3.81
2739,3.8
2740,3.84
2741,4
2742,4.06
2743,4.06
2744,4.06
2745,4.06
2746,4.06
2747,4.06
2748,4.06
2749,4.06
2750,4.06
2751,4.06
2752,4.06
2753,4.06
2754,4.06
2755,4.06
2756,4.05
2757,3.45366548
2758,4.01
2759,4
2760,3.97
2761,3.95
2762,3.92
2763,3.91
2764,3.91
2765,3.94
2766,3.95
2767,3.95
2768,3.96
2769,3.96
2770,3.97
2771,3.97
2772,3.98
2773,3.97
2774,3.98
2775,3.98
2776,3.98
2777,3.97
2778,3.94
2779,3.91
2780,3.88
2781,3.86
2782,3.84
2783,3.85
2784,3.82
2785,3.79
2786,3.78
2787,3.77
2788,3.78
2789,3.89
2790,3.97
2791,4.01
2792,4.03
2793,4.02
2794,4.02
2795,4.01
2796,4.02
2797,4.03
2798,4.01
2799,3.99
2800,3.93
2801,3.87
2802,3.8
2803,3.76
2804,3.080757825
2805,3.71
2806,3.69
2807,3.67
2808,3.65
2809,3.63
2810,3.61
2811,3.59
2812,3.6
2813,3.65
2814,3.72
2815,3.78
2816,3.84
2817,3.89
2818,3.94
2819,3.97
2820,3.98
2821,4
2822,4.01
2823,4
2824,3.98
2825,3.94
2826,3.82
2827,3.006751327
2828,3.65
2829,3.59
2830,3.55
2831,3.51
2832,3.49
2833,3.47
2834,3.47
2835,3.47
2836,3.49
2837,3.6
2838,3.73
2839,3.86
2840,3.94
2841,3.97
2842,3.99
2843,3.99
2844,3.99
2845,3.98
2846,3.97
2847,3.96
2848,3.95
2849,3.93
2850,3.92
2851,3.9
2852,3.88
2853,3.85
2854,3.82
2855,3.78
2856,3.76
2857,3.04564538
2858,3.7
2859,3.69
2860,3.7
2861,3.78
2862,3.86
2863,3.93
2864,3.99
2865,4.02
2866,4.03
2867,4.04
2868,4.05
2869,4.05
2870,4.05
2871,4.05
2872,4.05
2873,4.05
2874,4.03
2875,3.98
2876,3.93
2877,3.86
2878,3.81
2879,3.75
2880,3.7
2881,3.67
2882,3.65
2883,3.64
2884,3.68
2885,3.8
2886,3.93
2887,4.01
2888,4.05
2889,4.06
2890,2.913642987
2891,4.06
2892,4.06
2893,4.06
2894,4.06
2895,4.06
2896,4.06
2897,4.05
2898,4.05
2899,4.02
2900,3.97
2901,3.9
2902,3.84
2903,3.79
2904,3.75
2905,3.72
2906,3.71
2907,3.7
2908,3.73
2909,3.85
2910,3.95
2911,4
2912,4.04
2913,4.06
2914,4.06
2915,4.06
2916,4.06
2917,4.06
2918,4.06
2919,4.06
2920,4.06
2921,4.05
2922,4.03
2923,3.5
2924,3.97
2925,3.92
2926,3.88
2927,3.85
2928,3.82
2929,3.78
2930,3.74
2931,3.71
2932,3.71
2933,3.76
2934,3.82
2935,3.88
2936,3.92
2937,3.95
2938,3.99
2939,4.01
2940,4.02
2941,4.02
2942,4.02
2943,4.01
2944,3.97
2945,3.92
2946,3.85
2947,3.8
2948,3.74
2949,3.69
2950,2.470732464
2951,3.5
2952,3.5
2953,3.54
2954,3.5
2955,3.47
2956,3.47
2957,3.52
2958,3.57
2959,3.61
2960,3.63
2961,3.65
2962,3.67
2963,3.68
2964,3.69
2965,3.69
2966,3.67
2967,3.67
2968,3.64
2969,3.58
2970,3.49
2971,3.43
2972,3.37
2973,3.32
2974,3.28
2975,3.25
2976,3.23
2977,3.21
2978,3.2
2979,3.19
2980,3.25
2981,3.36
2982,3.49
2983,3.6
2984,3.69
2985,3.74
2986,3.79
2987,2.58742281
2988,3.87
2989,3.89
2990,3.89
2991,3.89
2992,3.86
2993,3.8
2994,3.5
2995,3.59
2996,3.52
2997,3.45
2998,3.4
2999,3.36
3000,3.33
3001,3.31
3002,3.31
3003,3.3
3004,3.36
3005,3.48
3006,3.61
3007,3.73
3008,3.8
3009,3.86
3010,3.9
3011,3.92
3012,3.95
3013,2.617795734
3014,3.94
3015,3.93
3016,3.89
3017,3.83
3018,3.5
3019,3.68
3020,3.62
3021,3.57
3022,3.53
3023,3.48
3024,3.43
3025,3.4
3026,3.37
3027,3.35
3028,3.41
3029,3.55
3030,3.71
3031,3.84
3032,3.93
3033,3.99
3034,4.02
3035,4.04
3036,4.05
3037,4.05
3038,4.05
3039,4.05
3040,4.05
3041,4.04
3042,3.94
3043,3.5
3044,3.73
3045,3.66
3046,3.61
3047,3.59
3048,3.57
3049,3.56
3050,3.56
3051,3.57
3052,3.65
3053,3.78
3054,3.93
3055,4.01
3056,4.02
3057,4.05
3058,4.05
3059,4.06
3060,4.06
3061,4.06
3062,4.06
3063,4.06
3064,4.06
3065,4.05
3066,4.04
3067,4.03
3068,2.669836066
3069,3.99
3070,3.97
3071,3.93
3072,3.9
3073,3.87
3074,3.5
3075,3.84
3076,3.86
3077,3.95
3078,4.01
3079,4.04
3080,4.05
3081,4.06
3082,4.06
3083,4.06
3084,4.06
3085,4.06
3086,4.06
3087,2.833179468
3088,4.06
3089,4.06
3090,4.05
3091,4.04
3092,3.5
3093,3.5
3094,3.5
3095,3.5
3096,3.5
3097,3.5
3098,3.5
3099,3.93
3100,3.95
3101,3.99
3102,4.03
3103,4.04
3104,4.05
3105,4.06
3106,4.06
3107,4.06
3108,4.06
3109,4.06
3110,4.06
3111,4.06
3112,4.06
3113,4.06
3114,3.5
3115,3.5
3116,3.5
3117,3.5
3118,3.5
3119,3.5
3120,2.54
3121,3.5
3122,3.5
3123,3.5
3124,3.5
3125,3.5
3126,3.5
3127,3.5
3128,3.5
3129,3.5
3130,4.03
3131,4.03
3132,4.03
3133,4.03
3134,4.03
3135,4.02
3136,4.01
3137,4
3138,3.96
3139,3.91
3140,3.85
3141,3.77
3142,3.72
3143,3.67
3144,3.62
3145,3.58
3146,3.55
3147,3.54
3148,3.58
3149,3.67
3150,3.76
3151,3.84
3152,3.9
3153,3.95
3154,3.99
3155,4.01
3156,4.02
3157,4.02
3158,2.786572308
3159,4.03
3160,4.02
3161,4.02
3162,3.98
3163,3.89
3164,3.81
3165,3.72
3166,3.65
3167,3.59
3168,3.52
3169,3.47
3170,3.43
3171,3.4
3172,3.5
3173,3.68
3174,3.84
3175,3.97
3176,4.03
3177,4.05
3178,4.05
3179,4.05
3180,4.05
3181,4.05
3182,4.05
3183,4.05
3184,4.05
3185,4.05
3186,4.02
3187,3.93
3188,3.83
3189,3.74
3190,3.66
3191,3.59
3192,3.53
3193,3.47
3194,3.43
3195,3.4
3196,3.52
3197,3.71
3198,3.88
3199,3.99
3200,4.02
3201,4.03
3202,4.04
3203,4.04
3204,4.04
3205,4.04
3206,4.03
3207,4.02
3208,4.01
3209,3.99
3210,3.93
3211,2.660292958
3212,3.75
3213,3.65
3214,3.58
3215,3.51
3216,3.45
3217,3.4
3218,3.37
3219,3.36
3220,3.46
3221,3.64
3222,3.78
3223,3.87
3224,3.93
3225,3.96
3226,3.98
3227,3.99
3228,3.99
3229,3.99
3230,4
3231,3.99
3232,2.875901473
3233,3.97
3234,3.95
3235,3.92
3236,3.88
3237,3.83
3238,3.79
3239,3.74
3240,3.71
3241,3.68
3242,3.66
3243,3.66
3244,3.69
3245,3.76
3246,3.84
3247,3.88
3248,3.92
3249,3.94
3250,3.97
3251,3.98
3252,3.99
3253,3.99
3254,3.99
3255,3.99
3256,3.98
3257,3.97
3258,3.95
3259,3.92
3260,3.9
3261,3.87
3262,3.83
3263,3.81
3264,3.78
3265,3.77
3266,3.75
3267,3.76
3268,3.81
3269,3.9
3270,3.99
3271,4.03
3272,4.04
3273,4.05
3274,4.06
3275,4.06
3276,4.06
3277,4.06
3278,4.06
3279,4.06
3280,2.986886265
3281,4.06
3282,4.06
3283,4.06
3284,4.05
3285,4.04
3286,4.01
3287,3.98
3288,3.94
3289,3.91
3290,3.88
3291,3.87
3292,3.96
3293,4.05
3294,4.06
3295,4.06
3296,4.06
3297,4.06
3298,4.06
3299,4.06
3300,3.214496724
3301,4.06
3302,4.06
3303,4.06
3304,4.06
3305,4.06
3306,4.06
3307,4.06
3308,4.06
3309,4.06
3310,4.06
3311,4.04
3312,4.03
3313,4.01
3314,4
3315,4
3316,4.05
3317,4.06
3318,4.06
3319,4.06
3320,4.06
3321,4.06
3322,4.06
3323,4.06
3324,4.06
3325,4.06
3326,4.06
3327,4.06
3328,4.06
3329,4.06
3330,4.06
3331,4.06
3332,4.06
3333,4.06
3334,4.06
3335,4.05
3336,4.05
3337,4.05
3338,4.05
3339,4.05
3340,4.06
3341,4.06
3342,4.06
3343,4.06
3344,4.06
3345,4.06
3346,4.06
3347,4.06
3348,4.06
3349,4.06
3350,4.06
3351,3.214899419
3352,4.06
3353,4.05
3354,4.05
3355,4.05
3356,4.05
3357,4.05
3358,4.05
3359,4.05
3360,4.05
3361,4.05
3362,4.05
3363,4.05
3364,4.05
3365,4.05
3366,4.05
3367,4.05
3368,4.05
3369,4.05
3370,4.06
3371,4.06
3372,4.06
3373,4.06
3374,4.06
3375,4.06
3376,4.06
3377,4.06
3378,4.06
3379,4.06
3380,4.05
3381,4.05
3382,4.05
3383,4.05
3384,4.05
3385,4.04
3386,4.04
3387,4.04
3388,4.03
3389,4.04
3390,4.05
3391,4.06
3392,4.06
3393,4.06
3394,2.837045177
3395,4.06
3396,4.06
3397,4.06
3398,4.06
3399,4.06
3400,4.06
3401,4.06
3402,3.5
3403,3.5
3404,4.01
3405,3.95
3406,3.89
3407,3.85
3408,3.79
3409,3.75
3410,3.72
3411,3.71
3412,3.83
3413,4.03
3414,4.06
3415,4.06
3416,4.06
3417,4.06
3418,4.06
3419,4.06
3420,4.06
3421,4.06
3422,4.06
3423,4.06
3424,4.06
3425,3.5
3426,3.5
3427,3.5
3428,3.5
3429,2.72
3430,3.5
3431,3.5
3432,3.5
3433,3.5
3434,3.5
3435,3.5
3436,3.5
3437,3.5
3438,3.5
3439,3.5
3440,3.5
3441,3.5
3442,3.5
3443,3.5
3444,4.06
3445,4.06
3446,4.06
3447,4.06
3448,4.06
3449,4.06
3450,4.06
3451,4.06
3452,4.06
3453,4.06
3454,4.06
3455,4.05
3456,4.03
3457,4.02
3458,4.01
3459,4.01
3460,4.05
3461,4.06
3462,4.06
3463,4.06
3464,3.08312749
3465,4.06
3466,4.06
3467,4.06
3468,4.06
3469,4.06
3470,4.06
3471,4.06
3472,4.06
3473,4.06
3474,4.06
3475,4.06
3476,4.05
3477,4.02
3478,3.99
3479,3.96
3480,3.94
3481,3.92
3482,3.91
3483,3.93
3484,4.03
3485,4.06
3486,4.06
3487,4.06
3488,4.06
3489,4.06
3490,4.06
3491,4.06
3492,4.06
3493,4.06
3494,4.06
3495,4.06
3496,4.06
3497,4.06
3498,4.06
3499,4.06
3500,4.06
3501,4.06
3502,4.06
3503,4.06
3504,4.05
3505,4.05
3506,4.05
3507,4.05
3508,4.06
3509,4.06
3510,4.06
3511,2.947109756
3512,4.06
3513,4.06
3514,4.06
3515,4.06
3516,4.06
3517,4.06
3518,3.5
3519,3.5
3520,3.5
3521,3.5
3522,3.5
3523,4.06
3524,4.06
3525,4.06
3526,4.06
3527,4.06
3528,4.05
3529,4.05
3530,4.04
3531,4.04
3532,4.06
3533,4.06
3534,4.06
3535,4.06
3536,4.06
3537,2.889964328
3538,4.06
3539,4.06
3540,4.06
3541,4.06
3542,4.06
3543,4.06
3544,4.06
3545,4.05
3546,4.05
3547,3.5
3548,3.5
3549,3.5
3550,3.5
3551,3.5
3552,3.5
3553,3.5
3554,3.5
3555,3.5
3556,3.5
3557,3.5
3558,3.5
3559,4.04
3560,4.05
3561,4.06
3562,4.06
3563,4.06
3564,4.06
3565,4.06
3566,4.06
3567,4.06
3568,4.06
3569,4.05
3570,4.05
3571,3.5
3572,3.5
3573,3.5
3574,3.5
3575,3.5
3576,3.5
3577,3.5
3578,2.56
3579,3.5
3580,3.92
3581,4.03
3582,4.06
3583,4.06
3584,4.06
3585,4.06
3586,4.06
3587,4.06
3588,4.06
3589,4.06
3590,4.06
3591,4.06
3592,4.06
3593,4.06
3594,4.06
3595,3.5
3596,3.5
3597,3.5
3598,3.5
3599,3.5
3600,3.5
3601,3.5
3602,3.5
3603,4.04
3604,4.05
3605,4.06
3606,4.06
3607,4.06
3608,4.06
3609,4.06
3610,4.06
3611,4.06
3612,4.06
3613,4.06
3614,4.06
3615,4.06
3616,4.06
3617,4.06
3618,3.22721488
3619,4.06
3620,4.06
3621,4.06
3622,4.06
3623,4.04
3624,4.04
3625,4.04
3626,4.03
3627,4.04
3628,4.05
3629,4.06
3630,4.06
3631,4.06
3632,4.06
3633,4.06
3634,4.06
3635,4.06
3636,4.06
3637,4.06
3638,4.06
3639,4.06
3640,4.06
3641,4.06
3642,4.06
3643,4.06
3644,4.06
3645,4.06
3646,4.06
3647,4.05
3648,4.04
3649,4.04
3650,4.03
3651,4.04
3652,4.06
3653,4.06
3654,4.06
3655,4.06
3656,4.06
3657,4.06
3658,4.06
3659,4.06
3660,4.06
3661,4.06
3662,3.660507614
3663,4.06
3664,4.06
3665,4.06
3666,3.5
3667,3.5
3668,3.5
3669,3.5
3670,3.5
3671,3.5
3672,3.5
3673,4.05
3674,4.05
3675,4.05
3676,4.06
3677,4.06
3678,4.06
3679,4.06
3680,4.06
3681,4.06
3682,4.06
3683,4.06
3684,4.06
3685,4.06
3686,4.06
3687,4.06
3688,4.06
3689,4.06
3690,4.06
3691,4.06
3692,3.5
3693,3.5
3694,3.5
3695,3.5
3696,3.5
3697,3.5
3698,4.05
3699,4.05
3700,4.06
3701,4.06
3702,4.06
3703,4.06
3704,4.06
3705,4.06
3706,4.06
3707,4.06
3708,4.06
3709,4.06
3710,3.55032967
3711,3.5
3712,3.5
3713,3.5
3714,3.5
3715,3.5
3716,4.06
3717,4.06
3718,4.06
3719,4.06
3720,4.06
3721,4.06
3722,4.06
3723,4.06
3724,4.06
3725,4.06
3726,4.06
3727,4.06
3728,3.431831785
3729,4.06
3730,4.06
3731,4.06
3732,4.06
3733,4.06
3734,4.06
3735,4.06
3736,3.5
3737,3.5
3738,3.5
3739,3.5
3740,3.5
3741,4.06
3742,4.06
3743,4.06
3744,4.06
3745,4.06
3746,4.06
3747,4.06
3748,4.06
3749,4.06
3750,4.06
3751,4.06
3752,4.06
3753,4.06
3754,4.06
3755,4.06
3756,4.06
3757,4.06
3758,4.06
3759,4.06
3760,4.06
3761,4.06
3762,4.06
3763,4.06
3764,4.04
3765,4.03
3766,4.01
3767,3.99
3768,3.96
3769,3.94
3770,3.94
3771,3.96
3772,4.02
3773,4.06
3774,4.06
3775,4.06
3776,4.06
3777,4.06
3778,4.06
3779,3.5
3780,3.5
3781,3.5
3782,3.5
3783,3.5
3784,3.5
3785,3.5
3786,3.5
3787,3.5
3788,3.5
3789,2.88
3790,4.06
3791,4.06
3792,4.06
3793,4.06
3794,4.06
3795,4.06
3796,4.06
3797,4.06
3798,2.871682081
3799,4.06
3800,4.06
3801,4.06
3802,4.06
3803,4.06
3804,4.06
3805,3.5
3806,3.5
3807,3.5
3808,3.5
3809,3.5
3810,3.5
3811,3.5
3812,3.5
3813,3.5
3814,3.5
3815,3.5
3816,3.5
3817,3.5
3818,3.5
3819,3.5
3820,3.5
3821,3.5
3822,3.5
3823,3.5
3824,4.06
3825,4.06
3826,4.06
3827,4.06
3828,4.06
3829,4.06
3830,4.06
3831,4.06
3832,4.06
3833,4.06
3834,4.06
3835,4.06
3836,4.06
3837,4.06
3838,4.06
3839,4.06
3840,4.06
3841,4.06
3842,4.06
3843,4.06
3844,4.06
3845,4.06
3846,4.06
3847,4.06
3848,4.06
3849,4.06
3850,3.201079046
3851,4.06
3852,4.06
3853,4.06
3854,3.5
3855,4.06
3856,4.06
3857,4.06
3858,4.06
3859,4.06
3860,4.06
3861,4.06
3862,4.06
3863,4.06
3864,3.5
3865,3.5
3866,3.5
3867,3.5
3868,3.5
3869,4.06
3870,3.017711722
3871,4.06
3872,4.06
3873,4.06
3874,4.06
3875,4.06
3876,4.06
3877,4.06
3878,4.06
3879,4.06
3880,4.06
3881,3.5
3882,3.5
3883,3.5
3884,3.5
3885,3.5
3886,3.5
3887,3.5
3888,4.06
3889,4.06
3890,4.06
3891,4.06
3892,4.06
3893,4.06
3894,4.06
3895,4.06
3896,4.06
3897,4.06
3898,3.5
3899,3.5
3900,3.5
3901,3.5
3902,3.5
3903,3.5
3904,3.5
3905,4.06
3906,4.06
3907,4.06
3908,4.06
3909,4.06
3910,4.06
3911,4.06
3912,4.06
3913,3.5
3914,3.5
3915,3.5
3916,3.5
3917,3.5
3918,3.5
3919,4.06
3920,4.06
3921,4.06
3922,4.06
3923,4.06
3924,3.246136087
3925,4.06
3926,4.06
3927,4.06
3928,4.06
3929,4.06
3930,4.06
3931,3.5
3932,3.5
3933,3.5
3934,3.5
3935,4.06
3936,4.06
3937,4.06
3938,4.06
3939,4.06
3940,4.06
3941,4.06
3942,4.06
3943,4.06
3944,4.06
3945,4.06
3946,4.06
3947,4.06
3948,4.06
3949,4.06
3950,4.06
3951,4.06
3952,4.06
3953,4.06
3954,4.06
3955,4.06
3956,3.5
3957,3.5
3958,4.06
3959,4.06
3960,4.06
3961,4.06
3962,4.06
3963,4.06
3964,4.06
3965,4.06
3966,4.06
3967,3.5
3968,3.5
3969,3.5
3970,4.06
3971,4.06
3972,4.06
3973,3.347040195
3974,4.06
3975,4.06
3976,4.06
3977,4.06
3978,4.06
3979,4.06
3980,3.5
3981,4.06
3982,4.06
3983,4.06
3984,4.06
3985,4.06
3986,4.06
3987,4.06
3988,4.06
3989,4.06
3990,3.5
3991,3.5
3992,3.5
3993,3.5
3994,3.5
3995,3.5
3996,3.5
3997,3.5
3998,3.5
3999,3.5
4000,3.5
4001,3.5
4002,3.5
4003,3.5
4004,3.5
4005,3.5
4006,3.5
4007,3.5
4008,3.5
4009,3.5
4010,3.5
4011,3.5
4012,4.06
4013,4.06
4014,4.06
4015,3.160712515
4016,4.06
4017,4.06
4018,4.06
4019,4.06
4020,4.06
4021,3.5
4022,3.5
4023,3.5
4024,3.5
4025,3.5
4026,3.5
4027,3.5
4028,3.5
4029,3.5
4030,3.5
4031,3.5
4032,3.5
4033,4.06
4034,4.06
4035,4.06
4036,4.06
4037,4.06
4038,4.06
4039,4.06
4040,3.390437622
4041,4.06
4042,3.5
4043,4.06
4044,4.06
4045,4.06
4046,4.06
4047,4.06
4048,4.06
4049,4.06
4050,4.06
4051,4.06
4052,4.06
4053,4.06
4054,4.06
4055,4.06
4056,4.06
4057,4.06
4058,4.06
4059,4.06
4060,4.06
4061,4.06
4062,4.06
4063,3.411180328
4064,4.06
4065,4.06
4066,4.06
4067,4.06
4068,4.06
4069,4.06
4070,4.06
4071,4.06
4072,4.06
4073,4.06
4074,3.5
4075,3.5
4076,3.5
4077,4.06
4078,4.06
4079,4.06
4080,4.06
4081,4.06
4082,4.06
4083,4.06
4084,4.06
4085,4.06
4086,4.06
4087,4.06
4088,4.06
4089,4.06
4090,4.06
4091,4.06
4092,3.5
4093,3.5
4094,3.5
4095,3.5
4096,3.5
4097,3.5
4098,3.5
4099,4.06
4100,4.06
4101,2.944141836
4102,4.06
4103,4.06
4104,4.06
4105,4.06
4106,4.06
4107,4.06
4108,4.06
4109,4.06
4110,4.06
4111,4.06
4112,4.06
4113,4.06
4114,4.06
4115,4.06
4116,4.06
4117,4.06
4118,4.06
4119,4.06
4120,3.5
4121,3.5
4122,3.5
4123,3.5
4124,3.5
4125,4.06
4126,4.06
4127,4.06
4128,4.05
4129,4.05
4130,4.04
4131,4.05
4132,4.06
4133,4.06
4134,4.06
4135,4.06
4136,4.06
4137,4.06
4138,4.06
4139,3.272668622
4140,4.06
4141,4.06
4142,4.06
4143,4.06
4144,4.06
4145,4.06
4146,3.5
4147,3.5
4148,3.5
4149,4.06
4150,4.06
4151,4.06
4152,4.06
4153,4.06
4154,4.06
4155,4.06
4156,4.06
4157,3.5
4158,3.5
4159,3.5
4160,3.5
4161,3.5
4162,3.5
4163,3.5
4164,3.5
4165,3.5
4166,3.5
4167,3.5
4168,3.5
4169,3.5
4170,3.5
4171,3.5
4172,3.5
4173,3.5
4174,3.5
4175,3.5
4176,3.5
4177,3.5
4178,3.5
4179,3.5
4180,3.5
4181,3.5
4182,3.5
4183,3.5
4184,3.5
4185,3.5
4186,3.5
4187,3.5
4188,3.5
4189,3.5
4190,3.5
4191,3.5
4192,3.5
4193,3.5
4194,3.5
4195,3.35
4196,3.5
4197,3.5
4198,3.5
4199,3.5
4200,3.5
4201,3.5
4202,3.5
4203,3.5
4204,3.5
4205,3.5
4206,3.5
4207,3.5
4208,3.5
4209,3.5
4210,3.5
4211,3.5
4212,3.5
4213,3.5
4214,3.5
4215,3.5
4216,3.5
4217,3.5
4218,3.5
4219,3.5
4220,3.5
4221,3.5
4222,3.5
4223,3.5
4224,3.5
4225,3.5
4226,3.5
4227,3.5
4228,3.5
4229,3.37
4230,3.5
4231,3.5
4232,3.5
4233,3.5
4234,3.5
4235,3.5
4236,3.5
4237,3.5
4238,3.5
4239,3.5
4240,3.5
4241,3.5
4242,3.5
4243,3.5
4244,3.5
4245,3.5
4246,3.5
4247,3.5
4248,3.5
4249,3.5
4250,3.5
4251,3.5
4252,3.5
4253,3.5
4254,3.5
4255,3.5
4256,3.24
4257,3.5
4258,3.5
4259,3.5
4260,3.5
4261,3.5
4262,3.5
4263,3.5
4264,3.5
4265,3.5
4266,3.5
4267,3.5
4268,3.5
4269,3.5
4270,3.5
4271,3.5
4272,3.5
4273,3.5
4274,3.5
4275,3.5
4276,3.5
4277,3.5
4278,3.5
4279,3.5
4280,3.5
4281,4.06
4282,4.06
4283,4.06
4284,4.06
4285,4.06
4286,4.06
4287,4.06
4288,4.06
4289,4.06
4290,4.06
4291,4.06
4292,4.06
4293,4.06
4294,4.06
4295,3.5
4296,3.5
4297,3.5
4298,3.5
4299,4.06
4300,4.06
4301,4.06
4302,4.06
4303,4.06
4304,4.06
4305,3.483952912
4306,4.06
4307,4.06
4308,4.06
4309,4.06
4310,4.06
4311,3.5
4312,3.5
4313,3.5
4314,3.5
4315,3.5
4316,3.5
4317,3.5
4318,3.5
4319,3.5
4320,4.06
4321,4.06
4322,4.06
4323,4.06
4324,4.06
4325,4.06
4326,4.06
4327,4.06
4328,4.06
4329,4.06
4330,4.06
4331,3.901967509
4332,4.06
4333,4.06
4334,4.06
4335,4.06
4336,4.06
4337,4.06
4338,4.06
4339,3.5
4340,3.5
4341,3.5
4342,3.5
4343,3.5
4344,3.5
4345,3.5
4346,3.5
4347,3.5
4348,3.5
4349,3.5
4350,3.5
4351,3.5
4352,3.5
4353,3.5
4354,3.5
4355,3.5
4356,3.5
4357,3.5
4358,4.06
4359,4.06
4360,4.06
4361,4.06
4362,4.06
4363,4.06
4364,4.06
4365,4.06
4366,3.5
4367,3.5
4368,3.5
4369,3.5
4370,3.5
4371,3.5
4372,3.5
4373,3.5
4374,3.5
4375,4.06
4376,4.06
4377,3.172531017
4378,4.06
4379,4.06
4380,4.06
4381,4.06
4382,4.06
4383,4.06
4384,3.5
4385,3.5
4386,3.5
4387,3.5
4388,3.5
4389,3.5
4390,3.5
4391,3.5
4392,3.5
4393,3.5
4394,3.5
4395,3.5
4396,3.5
4397,3.5
4398,3.5
4399,3.5
4400,3.5
4401,3.5
4402,3.5
4403,3.5
4404,3.5
4405,3.5
4406,3.5
4407,3.5
4408,3.5
4409,3.5
4410,3.5
4411,3.5
4412,2.89
4413,3.5
4414,3.5
4415,3.5
4416,3.5
4417,3.5
4418,3.5
4419,3.5
4420,3.5
4421,3.5
4422,3.5
4423,3.5
4424,4.06
4425,4.06
4426,4.06
4427,4.06
4428,4.06
4429,4.06
4430,4.06
4431,4.06
4432,4.06
4433,4.06
4434,3.5
4435,3.5
4436,3.5
4437,3.5
4438,3.5
4439,3.5
4440,3.5
4441,3.5
4442,3.5
4443,3.5
4444,3.5
4445,3.5
4446,3.5
4447,3.5
4448,3.5
4449,3.5
4450,3.5
4451,3.5
4452,3.5
4453,3.5
4454,3.5
4455,3.5
4456,3.5
4457,3.5
4458,3.5
4459,3.5
4460,3.06
4461,3.5
4462,3.5
4463,3.5
4464,3.5
4465,3.5
4466,3.5
4467,3.5
4468,3.5
4469,3.5
4470,3.5
4471,3.5
4472,3.5
4473,3.5
4474,3.5
4475,3.5
4476,3.5
4477,3.5
4478,3.5
4479,3.5
4480,3.5
4481,3.5
4482,3.5
4483,3.5
4484,3.5
4485,3.5
4486,3.5
4487,3.5
4488,3.5
4489,3.5
4490,3.5
4491,3.5
4492,3.5
4493,3.5
4494,3.5
4495,3.5
4496,3.5
4497,3.5
4498,3
4499,3.5
4500,3.5
4501,3.5
4502,4.06
4503,4.06
4504,4.06
4505,4.06
4506,4.06
4507,4.06
4508,4.06
4509,4.06
4510,4.06
4511,4.06
4512,4.04
4513,3.5
4514,3.5
4515,3.5
4516,3.5
4517,3.5
4518,3.5
4519,3.5
4520,3.5
4521,3.5
4522,3.5
4523,3.5
4524,3.5
4525,3.5
4526,3.5
4527,3.5
4528,3.5
4529,3.5
4530,3.5
4531,2.85
4532,3.5
4533,3.5
4534,3.5
4535,3.5
4536,3.5
4537,3.5
4538,4.02
4539,4.01
4540,4.05
4541,4.06
4542,4.06
4543,4.06
4544,4.06
4545,4.06
4546,4.06
4547,4.06
4548,4.06
4549,4.06
4550,4.06
4551,3.5
4552,3.5
4553,3.5
4554,3.5
4555,3.5
4556,3.5
4557,3.5
4558,3.5
4559,3.5
4560,3.5
4561,3.5
4562,3.5
4563,3.5
4564,3.5
4565,3.5
4566,3.5
4567,3.5
4568,3.5
4569,3.5
4570,3.5
4571,3.5
4572,3.5
4573,3.5
4574,3.5
4575,3.22
4576,3.5
4577,3.5
4578,3.5
4579,3.5
4580,3.5
4581,3.5
4582,3.5
4583,3.5
4584,3.5
4585,3.5
4586,3.5
4587,3.5
4588,3.5
4589,3.5
4590,3.5
4591,3.5
4592,3.5
4593,3.5
4594,3.5
4595,3.5
4596,3.5
4597,3.5
4598,3.5
4599,3.5
4600,3.5
4601,3.5
4602,3.5
4603,3.5
4604,3.5
4605,3.5
4606,3.5
4607,3.5
4608,3.5
4609,3.5
4610,3.5
4611,3.5
4612,3.5
4613,2.92
4614,3.5
4615,3.5
4616,3.5
4617,3.5
4618,3.5
4619,3.5
4620,3.5
4621,3.5
4622,3.5
4623,3.5
4624,3.5
4625,3.5
4626,3.5
4627,3.5
4628,3.5
4629,3.5
4630,3.5
4631,3.5
4632,3.5
4633,3.5
4634,3.5
4635,3.5
4636,3.5
4637,3.5
4638,3.5
4639,3.5
4640,3.5
4641,3.5
4642,3.5
4643,3.5
4644,3.5
4645,3.5
4646,3.5
4647,3.5
4648,3.5
4649,3.5
4650,3.5
4651,3.5
4652,3.5
4653,3.5
4654,3.5
4655,3.5
4656,3.5
4657,3.5
4658,3.5
4659,3.5
4660,3.5
4661,3.5
4662,3.5
4663,3.5
4664,3.5
4665,3.5
4666,3.183892121
4667,4.06
4668,4.06
4669,4.06
4670,4.06
4671,4.06
4672,4.06
4673,4.06
4674,4.06
4675,4.06
4676,4.06
4677,4.06
4678,4.06
4679,4.06
4680,4.06
4681,4.06
4682,4.06
4683,4.06
4684,4.06
4685,4.06
4686,4.06
4687,4.06
4688,4.06
4689,4.06
4690,4.06
4691,4.06
4692,3.5
4693,3.5
4694,3.5
4695,3.5
4696,3.5
4697,3.5
4698,3.5
4699,3.5
4700,2.86
4701,4.06
4702,4.06
4703,4.06
4704,4.05
4705,4.04
4706,4.04
4707,4.03
4708,4.06
4709,4.06
4710,4.06
4711,4.06
4712,4.06
4713,4.06
4714,4.06
4715,4.06
4716,4.06
4717,4.06
4718,4.06
4719,4.06
4720,4.06
4721,3.5
4722,4.06
4723,4.06
4724,4.06
4725,4.06
4726,4.06
4727,4.06
4728,3.5
4729,3.5
4730,3.5
4731,3.5
4732,4.06
4733,4.06
4734,4.06
4735,4.06
4736,4.06
4737,4.06
4738,4.06
4739,4.06
4740,4.06
4741,4.06
4742,4.06
4743,4.06
4744,3.5
4745,3.5
4746,3.5
4747,3.5
4748,3.5
4749,3.5
4750,2.82
4751,3.5
4752,3.5
4753,3.5
4754,3.5
4755,3.5
4756,4.06
4757,4.06
4758,4.06
4759,4.06
4760,4.06
4761,4.06
4762,4.06
4763,4.06
4764,4.06
4765,4.06
4766,4.06
4767,3.5
4768,3.5
4769,3.5
4770,3.5
4771,3.5
4772,3.5
4773,3.5
4774,3.5
4775,3.5
4776,3.5
4777,4.06
4778,4.06
4779,4.06
4780,4.06
4781,4.06
4782,4.06
4783,4.06
4784,3.170523529
4785,3.5
4786,3.5
4787,3.5
4788,3.5
4789,3.5
4790,3.5
4791,3.5
4792,3.5
4793,3.5
4794,3.5
4795,3.5
4796,3.5
4797,3.5
4798,3.5
4799,3.5
4800,3.5
4801,3.5
4802,3.5
4803,3.5
4804,3.5
4805,3.5
4806,3.5
4807,3.5
4808,3.5
4809,3.5
4810,3.5
4811,3.5
4812,3.5
4813,3.5
4814,3.5
4815,3.5
4816,3.5
4817,3.5
4818,3.5
4819,3.5
4820,3.5
4821,3.5
4822,3.5
4823,3.5
4824,3.5
4825,3.5
4826,3.5
4827,3.5
4828,3.5
4829,3.5
4830,3.5
4831,3.5
4832,3.5
4833,3.5
4834,3.5
4835,3.5
4836,3.5
4837,3.5
4838,3.41
4839,3.5
4840,3.5
4841,3.5
4842,3.5
4843,3.5
4844,3.5
4845,3.5
4846,3.5
4847,3.5
4848,3.5
4849,3.5
4850,3.5
4851,3.5
4852,3.5
4853,3.5
4854,3.5
4855,3.5
4856,3.5
4857,3.5
4858,3.4
4859,3.5
4860,3.5
4861,3.5
4862,3.5
4863,3.5
4864,3.5
4865,3.5
4866,3.5
4867,3.5
4868,3.5
4869,3.5
4870,3.5
4871,3.5
4872,3.5
4873,3.5
4874,3.5
4875,3.5
4876,3.5
4877,3.5
4878,3.5
4879,3.5
4880,3.5
4881,3.5
4882,3.5
4883,3.5
4884,3.5
4885,3.5
4886,3.82
4887,3.5
4888,3.5
4889,3.5
4890,3.5
4891,3.5
4892,3.5
4893,3.5
4894,3.5
4895,3.5
4896,3.5
4897,3.5
4898,3.5
4899,3.5
4900,3.5
4901,3.5
4902,3.5
4903,3.5
4904,3.5
4905,3.5
4906,4.06
4907,4.06
4908,4.06
4909,4.06
4910,4.06
4911,4.06
4912,4.06
4913,4.06
4914,3.5
4915,3.54
4916,3.5
4917,3.5
4918,3.5
4919,3.5
4920,3.5
4921,3.5
4922,3.5
4923,3.5
4924,3.5
4925,3.5
4926,3.5
4927,3.5
4928,3.5
4929,4.06
4930,4.06
4931,4.06
4932,4.06
4933,4.06
4934,4.06
4935,4.06
4936,4.06
4937,4.06
4938,3.5
4939,3.5
4940,3.5
4941,3.5
4942,3.5
4943,3.5
4944,3.5
4945,3.5
4946,3.5
4947,3.5
4948,3.5
4949,3.5
4950,3.5
4951,3.5
4952,3.5
4953,3.5
4954,3.5
4955,3.87
4956,3.5
4957,3.5
4958,3.5
4959,3.5
4960,3.5
4961,3.5
4962,3.5
4963,3.5
4964,3.5
4965,3.5
4966,3.5
4967,3.5
4968,3.5
4969,3.5
4970,3.5
4971,3.5
4972,3.5
4973,3.5
4974,3.5
4975,3.5
4976,3.5
4977,3.5
4978,3.5
4979,3.5
4980,3.5
4981,3.5
4982,3.5
4983,3.5
4984,3.5
4985,3.5
4986,3.5
4987,3.5
4988,3.5
4989,3.5
4990,3.5
4991,3.5
4992,3.5
4993,3.5
4994,3.5
4995,3.5
4996,4.06
4997,4.06
4998,4.06
4999,4.06
5000,4.06
5001,4.06
5002,4.06
5003,4.06
5004,4.06
5005,3.5
5006,3.5
5007,3.5
5008,3.5
5009,3.5
5010,3.5
5011,3.5
5012,3.13
5013,3.5
5014,3.5
5015,3.5
5016,3.5
5017,3.5
5018,3.5
5019,3.5
5020,3.5
5021,3.5
5022,3.5
5023,3.5
5024,3.5
5025,3.5
5026,3.5
5027,3.5
5028,3.5
5029,3.5
5030,3.5
5031,3.5
5032,3.5
5033,3.5
5034,3.5
5035,3.5
5036,3.5
5037,3.5
5038,3.5
5039,3.5
5040,3.5
5041,3.5
5042,3.5
5043,3.5
5044,3.5
5045,3.5
5046,3.5
5047,3.5
5048,3.5
5049,3.5
5050,3.5
5051,3.5
5052,3.5
5053,3.5
5054,3.5
5055,3.5
5056,3.5
5057,3.42
5058,3.5
5059,3.5
5060,3.5
5061,3.5
5062,3.5
5063,3.5
5064,3.5
5065,3.5
5066,3.5
5067,3.5
5068,3.5
5069,3.5
5070,3.5
5071,3.5
5072,3.5
5073,3.5
5074,3.5
5075,3.5
5076,3.5
5077,3.5
5078,3.5
5079,3.5
5080,3.5
5081,3.5
5082,3.5
5083,3.5
5084,3.5
5085,3.5
5086,3.5
5087,3.5
5088,3.5
5089,3.5
5090,3.5
5091,3.5
5092,3.5
5093,3.5
5094,3.5
5095,3.5
5096,3.5
5097,3.5
5098,3.27
5099,3.5
5100,3.5
5101,3.5
5102,3.5
5103,3.5
5104,3.5
5105,3.5
5106,3.5
5107,3.5
5108,3.5
5109,3.5
5110,3.5
5111,3.5
5112,3.5
5113,3.5
5114,3.5
5115,3.5
5116,3.5
5117,3.5
5118,3.5
5119,3.5
5120,3.366130183
5121,4.06
5122,4.06
5123,4.06
5124,4.06
5125,4.06
5126,4.06
5127,4.06
5128,4.06
5129,4.06
5130,4.06
5131,4.06
5132,4.06
5133,4.06
5134,4.06
5135,4.06
5136,4.06
5137,4.06
5138,4.06
5139,4.06
5140,4.06
5141,4.06
5142,4.06
5143,4.06
5144,4.06
5145,3.5
5146,4.06
5147,4.06
5148,4.06
5149,4.06
5150,4.06
5151,4.06
5152,4.06
5153,4.06
5154,4.06
5155,3.5
5156,4.06
5157,4.06
5158,4.06
5159,4.06
5160,4.06
5161,4.06
5162,4.06
5163,4.06
5164,3.5
5165,4.06
5166,4.06
5167,4.06
5168,4.06
5169,4.06
5170,4.06
5171,4.06
5172,4.06
5173,4.06
5174,3.5
5175,3.5
5176,3.5
5177,3.34
5178,3.5
5179,3.5
5180,3.5
5181,3.5
5182,3.5
5183,3.5
5184,3.5
5185,3.5
5186,3.5
5187,3.5
5188,3.5
5189,3.5
5190,3.5
5191,3.5
5192,3.5
5193,3.5
5194,4.06
5195,4.06
5196,4.06
5197,4.06
5198,4.06
5199,4.06
5200,4.06
5201,3.5
5202,3.5
5203,3.5
5204,3.5
5205,3.5
5206,3.5
5207,3.5
5208,3.5
5209,3.5
5210,3.5
5211,3.5
5212,3.5
5213,3.5
5214,3.5
5215,3.5
5216,3.5
5217,3.28
5218,3.5
5219,3.5
5220,3.5
5221,3.5
5222,3.5
5223,3.5
5224,3.5
5225,3.5
5226,3.5
5227,3.5
5228,3.5
5229,3.5
5230,3.5
5231,3.5
5232,3.5
5233,3.5
5234,3.5
5235,3.5
5236,3.5
5237,3.5
5238,3.5
5239,3.5
5240,3.5
5241,4.06
5242,4.06
5243,4.06
5244,4.06
5245,4.06
5246,4.06
5247,4.06
5248,4.06
5249,4.06
5250,3.5
5251,3.5
5252,3.5
5253,3.5
5254,3.5
5255,3.5
5256,3.5
5257,4.06
5258,4.06
5259,4.06
5260,4.06
5261,4.06
5262,3.021187667
5263,4.06
5264,4.06
5265,4.06
5266,4.06
5267,4.06
5268,4.06
5269,4.06
5270,4.06
5271,4.06
5272,4.06
5273,4.06
5274,3.5
5275,3.5
5276,3.5
5277,3.5
5278,3.5
5279,3.5
5280,3.5
5281,3.5
5282,3.5
5283,3.5
5284,3.5
5285,3.5
5286,4.06
5287,4.06
5288,4.06
5289,4.06
5290,4.06
5291,4.06
5292,4.06
5293,4.06
5294,4.06
5295,4.06
5296,3.5
5297,3.5
5298,3.5
5299,3.5
5300,3.5
5301,3.5
5302,3.5
5303,3.5
5304,3.5
5305,3.5
5306,3.5
5307,3.5
5308,3.5
5309,3.5
5310,3.5
5311,3.5
5312,3.5
5313,3.5
5314,3.26
5315,3.5
5316,3.5
5317,3.5
5318,3.5
5319,3.5
5320,3.5
5321,3.5
5322,3.5
5323,3.5
5324,3.5
5325,3.5
5326,3.5
5327,3.5
5328,3.5
5329,4.06
5330,4.06
5331,4.06
5332,4.06
5333,4.06
5334,4.06
5335,4.06
5336,4.06
5337,4.06
5338,4.06
5339,4.06
5340,4.06
5341,4.06
5342,4.06
5343,4.06
5344,4.06
5345,4.06
5346,4.06
5347,4.06
5348,4.06
5349,4.06
5350,4.06
5351,4.06
5352,4.06
5353,4.06
5354,4.06
5355,4.06
5356,4.06
5357,4.06
5358,4.06
5359,4.06
5360,4.06
5361,4.06
5362,4.06
5363,4.06
5364,4.06
5365,4.06
5366,3.5
5367,3.5
5368,3.5
5369,3.5
5370,2.95
5371,3.5
5372,3.5
5373,3.5
5374,4.06
5375,4.06
5376,4.06
5377,4.06
5378,4.06
5379,4.06
5380,4.06
5381,4.06
5382,4.06
5383,4.06
5384,2.960625711
5385,3.5
5386,3.5
5387,3.5
5388,3.5
5389,3.5
5390,3.5
5391,3.5
5392,3.5
5393,4.06
5394,4.06
5395,4.06
5396,4.06
5397,4.06
5398,4.06
5399,4.06
5400,4.05
5401,4.04
5402,4.03
5403,4.02
5404,4.04
5405,4.06
5406,4.06
5407,4.06
5408,4.06
5409,4.06
5410,3.5
5411,3.5
5412,3.5
5413,3.5
5414,3.5
5415,3.5
5416,3.5
5417,3.5
5418,3.5
5419,3.5
5420,3.5
5421,3.5
5422,3.5
5423,4.04
5424,4.04
5425,4.03
5426,4.03
5427,4.03
5428,4.04
5429,4.06
5430,4.06
5431,4.06
5432,4.06
5433,4.06
5434,3.105197517
5435,4.06
5436,4.06
5437,4.06
5438,4.06
5439,4.06
5440,4.06
5441,4.06
5442,3.5
5443,3.5
5444,3.5
5445,3.5
5446,3.5
5447,3.5
5448,3.5
5449,3.5
5450,3.5
5451,3.5
5452,3.5
5453,3.5
5454,3.5
5455,3.5
5456,3.5
5457,3.5
5458,3.5
5459,3.5
5460,3.5
5461,3.5
5462,3.5
5463,3.5
5464,3.5
5465,3.5
5466,3.5
5467,3.5
5468,3.5
5469,3.5
5470,3.5
5471,3.5
5472,3.5
5473,3.5
5474,3.5
5475,3.5
5476,3.5
5477,3.5
5478,3.5
5479,3.5
5480,4.06
5481,4.06
5482,4.06
5483,4.06
5484,4.06
5485,4.06
5486,3.234322917
5487,4.06
5488,4.06
5489,4.06
5490,4.06
5491,3.5
5492,3.5
5493,3.5
5494,3.5
5495,3.5
5496,3.5
5497,3.5
5498,3.5
5499,3.5
5500,3.5
5501,3.5
5502,3.5
5503,3.5
5504,3.5
5505,3.5
5506,4.06
5507,4.06
5508,4.06
5509,4.06
5510,4.06
5511,4.06
5512,4.06
5513,4.06
5514,4.06
5515,3.5
5516,3.5
5517,3.5
5518,3.5
5519,3.5
5520,3.5
5521,3.5
5522,3.5
5523,3.5
5524,3.5
5525,3.5
5526,3.5
5527,3.5
5528,3.5
5529,3.12
5530,3.5
5531,3.5
5532,3.5
5533,3.5
5534,3.5
5535,3.5
5536,3.5
5537,3.5
5538,3.5
5539,3.5
5540,3.5
5541,3.5
5542,3.5
5543,4.06
5544,4.06
5545,4.06
5546,4.06
5547,4.06
5548,4.06
5549,4.06
5550,4.06
5551,4.06
5552,4.06
5553,4.06
5554,4.06
5555,4.06
5556,4.06
5557,4.06
5558,4.06
5559,4.06
5560,4.06
5561,4.06
5562,4.06
5563,4.06
5564,4.06
5565,3.5
5566,3.5
5567,3.5
5568,3.5
5569,3.5
5570,3.5
5571,3.5
5572,3.5
5573,3.5
5574,3.5
5575,3.5
5576,3.5
5577,3.07
5578,3.5
5579,3.5
5580,3.5
5581,3.5
5582,3.5
5583,3.5
5584,3.5
5585,3.5
5586,3.5
5587,3.5
5588,3.5
5589,3.5
5590,3.5
5591,3.5
5592,3.5
5593,3.5
5594,3.5
5595,3.5
5596,3.5
5597,3.5
5598,3.5
5599,3.5
5600,4.06
5601,4.06
5602,4.06
5603,4.06
5604,4.06
5605,4.06
5606,4.06
5607,4.06
5608,4.06
5609,4.06
5610,4.06
5611,4.06
5612,4.06
5613,4.06
5614,4.06
5615,4.06
5616,4.06
5617,4.06
5618,4.06
5619,4.05
5620,4.06
5621,4.06
5622,4.06
5623,4.06
5624,4.06
5625,4.06
5626,4.06
5627,3.5
5628,4.06
5629,4.06
5630,3.49989011
5631,4.06
5632,4.06
5633,4.06
5634,4.06
5635,4.06
5636,4.06
5637,3.5
5638,3.5
5639,4.06
5640,4.06
5641,4.06
5642,4.06
5643,4.06
5644,4.06
5645,4.06
5646,4.06
5647,4.06
5648,3.5
5649,3.5
5650,3.5
5651,3.5
5652,3.5
5653,3.5
5654,3.5
5655,3.5
5656,3.5
5657,3.5
5658,3.5
5659,3.5
5660,3.5
5661,3.5
5662,3.5
5663,3.5
5664,3.5
5665,3.5
5666,3.5
5667,3.5
5668,3.5
5669,3.5
5670,3.5
5671,3.5
5672,3.4
5673,3.5
5674,3.5
5675,4.06
5676,4.06
5677,4.06
5678,4.06
5679,4.06
5680,4.06
5681,3.5
5682,3.5
5683,3.5
5684,3.5
5685,3.5
5686,3.5
5687,3.5
5688,3.5
5689,3.5
5690,3.5
5691,3.5
5692,3.5
5693,3.5
5694,3.5
5695,3.5
5696,3.5
5697,3.5
5698,3.63
5699,3.5
5700,4.06
5701,4.06
5702,4.06
5703,4.06
5704,4.06
5705,3.5
5706,3.5
5707,3.5
5708,3.5
5709,3.5
5710,3.5
5711,3.5
5712,3.5
5713,3.5
5714,3.5
5715,3.5
5716,3.5
5717,3.5
5718,3.5
5719,3.5
5720,3.5
5721,3.5
5722,3.5
5723,3.5
5724,3.5
5725,3.5
5726,3.5
5727,3.5
5728,3.5
5729,3.5
5730,3.5
5731,3.5
5732,3.5
5733,3.5
5734,3.5
5735,3.5
5736,3.5
5737,3.5
5738,3.5
5739,3.5
5740,3.5
5741,3.5
5742,3.5
5743,3.35
5744,3.5
5745,3.5
5746,3.5
5747,3.5
5748,3.5
5749,3.5
5750,3.5
5751,3.5
5752,3.5
5753,3.5
5754,3.5
5755,3.5
5756,3.5
5757,3.5
5758,3.5
5759,3.5
5760,3.5
5761,3.5
5762,3.5
5763,3.5
5764,3.5
5765,3.5
5766,3.5
5767,3.5
5768,3.5
5769,3.5
5770,3.5
5771,3.5
5772,3.5
5773,3.5
5774,3.5
5775,3.5
5776,3.5
5777,3.5
5778,3.5
5779,3.5
5780,3.5
5781,3.5
5782,3.5
5783,3.5
5784,3.5
5785,3.5
5786,3.5
5787,3.5
5788,3.5
5789,3.5
5790,3.5
5791,3.5
5792,3.5
5793,3.34
5794,3.5
5795,3.5
5796,3.5
5797,3.5
5798,3.5
5799,3.5
5800,3.5
5801,3.5
5802,3.5
5803,3.5
5804,3.5
5805,3.5
5806,3.5
5807,3.5
5808,3.5
5809,3.5
5810,3.5
5811,3.5
5812,3.5
5813,3.5
5814,3.5
5815,3.5
5816,3.5
5817,3.5
5818,3.5
5819,3.5
5820,3.73
5821,3.5
5822,3.5
5823,3.5
5824,3.5
5825,3.5
5826,3.5
5827,3.5
5828,3.5
5829,3.5
5830,3.5
5831,3.5
5832,3.5
5833,3.5
5834,3.5
5835,3.5
5836,4.06
5837,4.06
5838,4.06
5839,4.06
5840,4.06
5841,4.06
5842,4.06
5843,4.06
5844,4.06
5845,4.06
5846,4.06
5847,4.06
5848,4.06
5849,4.06
5850,4.06
5851,3.5
5852,3.5
5853,3.5
5854,3.5
5855,3.5
5856,3.5
5857,3.5
5858,3.5
5859,4.03
5860,4.02
5861,4.06
5862,4.06
5863,4.06
5864,4.06
5865,3.197059724
5866,4.06
5867,4.06
5868,4.06
5869,4.06
5870,4.06
5871,4.06
5872,4.06
5873,4.06
5874,3.5
5875,3.5
5876,3.5
5877,3.5
5878,3.5
5879,3.5
5880,3.5
5881,3.5
5882,3.5
5883,3.5
5884,3.5
5885,3.5
5886,3.5
5887,3.5
5888,3.5
5889,3.5
5890,3.5
5891,3.5
5892,3.5
5893,3.5
5894,3.5
5895,3.5
5896,3.5
5897,3.05
5898,3.5
5899,3.5
5900,3.5
5901,3.5
5902,3.5
5903,3.5
5904,3.5
5905,3.5
5906,4.01
5907,4
5908,4
5909,4.05
5910,4.06
5911,4.06
5912,4.06
5913,4.06
5914,4.06
5915,4.06
5916,4.06
5917,4.06
5918,4.06
5919,4.06
5920,3.5
5921,3.5
5922,3.5
5923,3.5
5924,3.5
5925,3.5
5926,3.5
5927,3.5
5928,3.5
5929,3.5
5930,3.5
5931,3.5
5932,3.5
5933,3.5
5934,3.5
5935,3.5
5936,4.06
5937,4.06
5938,3.019154079
5939,4.06
5940,4.06
5941,4.06
5942,4.06
5943,4.06
5944,4.06
5945,4.06
5946,3.5
5947,3.5
5948,3.5
5949,3.5
5950,3.5
5951,3.5
5952,3.5
5953,3.5
5954,3.5
5955,3.5
5956,3.5
5957,3.5
5958,3.5
5959,4.06
5960,4.06
5961,4.06
5962,4.06
5963,4.06
5964,4.06
5965,4.06
5966,4.06
5967,4.06
5968,4.06
5969,4.06
5970,4.06
5971,4.06
5972,4.06
5973,4.06
5974,4.06
5975,4.05
5976,3.5
5977,3.5
5978,3.5
5979,3.5
5980,4.04
5981,4.05
5982,4.06
5983,4.06
5984,4.06
5985,4.06
5986,4.06
5987,2.938245839
5988,4.06
5989,4.06
5990,4.06
5991,4.06
5992,4.06
5993,4.06
5994,4.06
5995,4.05
5996,4.05
5997,4.04
5998,4.03
5999,4.02
6000,4.01
6001,4
6002,3.99
6003,3.98
6004,3.98
6005,4.01
6006,4.04
6007,4.05
6008,4.05
6009,4.05
6010,4.05
6011,4.05
6012,4.05
6013,4.05
6014,4.05
6015,4.05
6016,4.04
6017,4.04
6018,2.786359782
6019,4.04
6020,4.03
6021,4.03
6022,4.03
6023,4.03
6024,4.02
6025,3.5
6026,3.5
6027,4
6028,3.99
6029,4.01
6030,4.04
6031,4.05
6032,4.05
6033,4.05
6034,4.06
6035,4.06
6036,4.06
6037,4.06
6038,4.06
6039,4.06
6040,4.06
6041,4.05
6042,4.04
6043,4.02
6044,3.5
6045,3.5
6046,3.5
6047,3.5
6048,3.5
6049,3.5
6050,3.5
6051,3.5
6052,3.5
6053,3.5
6054,3.5
6055,4.06
6056,4.06
6057,2.971384233
6058,4.06
6059,4.06
6060,4.06
6061,4.06
6062,4.06
6063,4.06
6064,4.06
6065,4.06
6066,4.06
6067,3.5
6068,3.5
6069,3.5
6070,3.5
6071,3.5
6072,3.5
6073,3.5
6074,3.5
6075,3.5
6076,3.5
6077,3.94
6078,4.06
6079,4.06
6080,4.06
6081,4.06
6082,4.06
6083,4.06
6084,4.06
6085,4.06
6086,4.06
6087,4.06
6088,3.010640635
6089,3.5
6090,3.5
6091,3.5
6092,3.5
6093,3.5
6094,3.5
6095,3.5
6096,3.5
6097,3.5
6098,3.5
6099,3.5
6100,3.5
6101,3.5
6102,3.5
6103,4.06
6104,4.06
6105,4.06
6106,4.06
6107,4.06
6108,4.06
6109,4.06
6110,4.06
6111,4.06
6112,4.06
6113,3.5
6114,3.5
6115,3.5
6116,3.5
6117,3.5
6118,3.5
6119,3.5
6120,3.5
6121,3.5
6122,3.5
6123,3.5
6124,3.5
6125,3.5
6126,3.5
6127,4.06
6128,4.06
6129,4.06
6130,4.06
6131,4.06
6132,4.06
6133,4.06
6134,4.06
6135,4.06
6136,4.06
6137,4.06
6138,4.06
6139,2.89063795
6140,3.5
6141,3.5
6142,3.5
6143,3.5
6144,3.5
6145,3.5
6146,3.5
6147,3.5
6148,3.5
6149,3.5
6150,3.5
6151,4.06
6152,4.06
6153,4.06
6154,4.06
6155,4.06
6156,4.06
6157,4.06
6158,4.06
6159,4.06
6160,4.06
6161,4.06
6162,4.06
6163,3.5
6164,3.5
6165,3.5
6166,3.5
6167,3.5
6168,3.5
6169,3.5
6170,3.5
6171,3.5
6172,3.5
6173,3.5
6174,3.5
6175,4.06
6176,4.06
6177,4.06
6178,4.06
6179,4.06
6180,4.06
6181,4.06
6182,4.06
6183,4.06
6184,4.06
6185,4.06
6186,3.5
6187,3.5
6188,3.5
6189,2.87
6190,3.5
6191,3.5
6192,3.5
6193,3.5
6194,3.5
6195,3.5
6196,3.5
6197,3.5
6198,3.5
6199,3.5
6200,3.5
6201,4.06
6202,4.06
6203,4.06
6204,4.06
6205,4.06
6206,4.06
6207,4.06
6208,4.06
6209,4.06
6210,4.06
6211,4.06
6212,3.5
6213,3.5
6214,3.5
6215,3.5
6216,3.5
6217,3.5
6218,3.5
6219,2.73
6220,3.5
6221,3.5
6222,3.5
6223,3.5
6224,3.5
6225,3.5
6226,4.06
6227,4.06
6228,4.06
6229,4.06
6230,4.06
6231,4.06
6232,4.06
6233,4.06
6234,4.06
6235,3.5
6236,3.5
6237,3.5
6238,3.5
6239,3.5
6240,3.5
6241,3.5
6242,3.5
6243,3.74
6244,3.71
6245,3.76
6246,3.95
6247,4.05
6248,4.06
6249,4.06
6250,4.06
6251,4.06
6252,4.06
6253,4.06
6254,4.06
6255,4.06
6256,4.06
6257,4.06
6258,4.05
6259,4.01
6260,3.96
6261,3.89
6262,3.83
6263,3.76
6264,3.71
6265,3.67
6266,3.64
6267,3.61
6268,3.59
6269,3.65
6270,3.86
6271,4.02
6272,3.12492517
6273,4.06
6274,4.06
6275,4.06
6276,4.06
6277,4.06
6278,4.06
6279,4.06
6280,4.06
6281,4.05
6282,3.98
6283,3.9
6284,3.83
6285,3.74
6286,3.68
6287,3.62
6288,3.58
6289,3.54
6290,3.51
6291,3.49
6292,3.48
6293,3.55
6294,3.78
6295,3.023408557
6296,4.06
6297,4.06
6298,4.06
6299,4.06
6300,4.06
6301,4.06
6302,4.06
6303,4.06
6304,4.06
6305,4.06
6306,4.03
6307,3.99
6308,3.95
6309,3.9
6310,3.85
6311,3.81
6312,3.76
6313,3.73
6314,3.7
6315,3.67
6316,3.65
6317,3.72
6318,3.98
6319,4.06
6320,4.06
6321,4.06
6322,4.06
6323,4.06
6324,4.06
6325,4.06
6326,4.06
6327,3.356081808
6328,4.06
6329,4.06
6330,4.06
6331,4.06
6332,4.06
6333,4.05
6334,4.04
6335,4.01
6336,3.98
6337,3.96
6338,3.93
6339,3.9
6340,3.89
6341,3.96
6342,4.06
6343,4.06
6344,4.06
6345,4.06
6346,4.06
6347,4.06
6348,4.06
6349,4.06
6350,4.06
6351,4.06
6352,4.06
6353,4.06
6354,4.06
6355,4.06
6356,4.06
6357,3.180042017
6358,4.06
6359,4.06
6360,4.05
6361,4.05
6362,4.04
6363,4.03
6364,4.03
6365,4.05
6366,4.06
6367,4.06
6368,4.06
6369,4.06
6370,4.06
6371,4.06
6372,4.06
6373,4.06
6374,4.06
6375,4.06
6376,4.06
6377,4.06
6378,4.06
6379,4.06
6380,4.06
6381,4.05
6382,4.05
6383,4.04
6384,4.03
6385,4.02
6386,4
6387,4
6388,3.98
6389,4.02
6390,4.05
6391,4.06
6392,4.06
6393,4.06
6394,4.06
6395,4.06
6396,4.06
6397,4.06
6398,4.06
6399,2.986136364
6400,4.06
6401,4.06
6402,4.06
6403,4.06
6404,4.06
6405,4.06
6406,4.06
6407,4.06
6408,4.06
6409,4.06
6410,4.06
6411,4.06
6412,4.06
6413,4.06
6414,4.06
6415,4.06
6416,4.06
6417,4.06
6418,4.06
6419,4.06
6420,4.06
6421,4.06
6422,4.06
6423,4.06
6424,4.06
6425,4.06
6426,4.06
6427,2.826787083
6428,4.06
6429,4.06
6430,4.06
6431,4.06
6432,4.06
6433,4.06
6434,4.06
6435,4.06
6436,4.06
6437,4.06
6438,4.06
6439,4.06
6440,4.06
6441,4.06
6442,4.06
6443,4.06
6444,4.06
6445,4.06
6446,4.06
6447,4.06
6448,4.06
6449,4.06
6450,4.06
6451,4.06
6452,4.06
6453,4.06
6454,4.06
6455,4.06
6456,4.06
6457,4.06
6458,4.06
6459,4.06
6460,4.06
6461,4.06
6462,4.06
6463,3.065254316
6464,4.06
6465,4.06
6466,4.06
6467,4.06
6468,4.06
6469,4.06
6470,4.06
6471,4.06
6472,4.06
6473,4.06
6474,4.06
6475,4.06
6476,4.06
6477,4.06
6478,4.06
6479,4.06
6480,4.06
6481,4.06
6482,4.06
6483,4.06
6484,4.06
6485,4.06
6486,4.06
6487,4.06
6488,4.06
6489,4.06
6490,4.06
6491,4.06
6492,4.06
6493,4.06
6494,4.06
6495,4.06
6496,4.06
6497,4.06
6498,4.06
6499,4.06
6500,4.06
6501,4.06
6502,4.06
6503,4.06
6504,4.05
6505,4.05
6506,4.04
6507,4.04
6508,4.04
6509,4.05
6510,4.06
6511,4.06
6512,4.06
6513,4.06
6514,4.06
6515,4.06
6516,4.06
6517,4.06
6518,4.06
6519,4.06
6520,2.993022774
6521,4.06
6522,4.06
6523,4.06
6524,4.06
6525,4.06
6526,4.06
6527,4.06
6528,4.06
6529,4.06
6530,4.06
6531,4.06
6532,4.06
6533,4.06
6534,4.06
6535,4.06
6536,4.06
6537,4.06
6538,4.06
6539,4.06
6540,4.06
6541,4.06
6542,4.06
6543,4.06
6544,4.06
6545,4.06
6546,4.06
6547,4.06
6548,4.05
6549,3.5
6550,3.5
6551,3.5
6552,3.5
6553,3.5
6554,3.5
6555,3.5
6556,4.01
6557,4.03
6558,4.06
6559,4.06
6560,4.06
6561,4.06
6562,4.06
6563,4.06
6564,4.06
6565,4.06
6566,4.06
6567,2.971347342
6568,4.06
6569,4.06
6570,4.05
6571,3.5
6572,3.5
6573,3.5
6574,4.03
6575,4.03
6576,4.03
6577,4.01
6578,3.99
6579,3.98
6580,3.95
6581,3.94
6582,3.95
6583,4
6584,4.02
6585,4.05
6586,4.04
6587,4.04
6588,4.04
6589,4.05
6590,4.04
6591,4.04
6592,4
6593,3.93
6594,3.9
6595,3.87
6596,3.5
6597,3.5
6598,3.5
6599,3.5
6600,3.5
6601,3.75
6602,3.73
6603,3.74
6604,3.75
6605,3.77
6606,3.83
6607,3.91
6608,3.98
6609,4.02
6610,4.04
6611,2.793435583
6612,4.05
6613,4.05
6614,4.05
6615,4.05
6616,4.01
6617,3.94
6618,3.89
6619,3.86
6620,3.83
6621,3.8
6622,3.79
6623,3.78
6624,3.76
6625,3.78
6626,3.77
6627,3.78
6628,3.79
6629,3.81
6630,3.85
6631,3.9
6632,3.95
6633,4.01
6634,4.03
6635,4.03
6636,4.03
6637,4.04
6638,4.03
6639,4.03
6640,4.01
6641,4
6642,2.808608554
6643,4
6644,4
6645,3.99
6646,3.99
6647,3.97
6648,3.96
6649,3.95
6650,3.93
6651,3.92
6652,3.91
6653,3.9
6654,3.92
6655,3.95
6656,3.98
6657,4.01
6658,4.02
6659,4.03
6660,4.03
6661,4.03
6662,4.03
6663,4.02
6664,3.97
6665,3.9
6666,3.85
6667,3.8
6668,3.78
6669,3.72
6670,3.7
6671,3.66
6672,3.64
6673,3.64
6674,3.62
6675,3.62
6676,3.62
6677,3.64
6678,3.7
6679,3.79
6680,3.86
6681,3.92
6682,3.97
6683,3.98
6684,3.99
6685,3.211621622
6686,3.98
6687,3.96
6688,3.91
6689,3.87
6690,3.84
6691,3.83
6692,3.8
6693,3.76
6694,3.73
6695,3.66
6696,3.63
6697,3.6
6698,3.56
6699,3.54
6700,3.51
6701,3.52
6702,3.61
6703,3.76
6704,3.88
6705,3.225265533
6706,4.03
6707,4.04
6708,4.05
6709,4.06
6710,4.05
6711,4.03
6712,3.95
6713,3.89
6714,3.85
6715,3.84
6716,3.84
6717,3.85
6718,3.86
6719,3.86
6720,3.87
6721,3.89
6722,3.9
6723,3.92
6724,3.94
6725,3.177850746
6726,3.99
6727,4.02
6728,4.04
6729,4.05
6730,4.06
6731,4.06
6732,4.06
6733,4.06
6734,4.06
6735,4.06
6736,4.06
6737,4.06
6738,4.06
6739,4.06
6740,4.06
6741,4.06
6742,4.06
6743,4.06
6744,4.06
6745,4.06
6746,4.06
6747,4.05
6748,4.05
6749,4.05
6750,4.06
6751,4.06
6752,4.06
6753,4.06
6754,4.06
6755,4.06
6756,4.06
6757,4.06
6758,4.06
6759,4.05
6760,4.05
6761,4.03
6762,4.03
6763,4.03
6764,4.02
6765,4.02
6766,4
6767,3.99
6768,3.98
6769,3.98
6770,3.97
6771,3.96
6772,3.97
6773,3.97
6774,4
6775,4.03
6776,4.04
6777,4.05
6778,4.06
6779,4.06
6780,4.06
6781,4.06
6782,4.06
6783,4.06
6784,2.899833333
6785,4.03
6786,4.03
6787,4.01
6788,4.01
6789,3.99
6790,3.97
6791,3.94
6792,3.92
6793,3.9
6794,3.89
6795,3.89
6796,3.89
6797,3.92
6798,3.97
6799,4.04
6800,4.06
6801,4.06
6802,4.06
6803,4.06
6804,4.06
6805,4.06
6806,4.06
6807,4.06
6808,4.06
6809,4.06
6810,4.05
6811,4.05
6812,4.04
6813,4.02
6814,4.02
6815,4
6816,3.99
6817,3.98
6818,3.97
6819,3.97
6820,3.96
6821,3.97
6822,4.03
6823,4.06
6824,4.06
6825,4.06
6826,4.06
6827,4.06
6828,4.06
6829,4.06
6830,4.06
6831,4.06
6832,3.100687802
6833,4.06
6834,4.06
6835,4.06
6836,4.06
6837,4.06
6838,4.06
6839,4.05
6840,4.04
6841,4.04
6842,4.03
6843,4.03
6844,4.03
6845,4.04
6846,4.06
6847,4.06
6848,4.06
6849,4.06
6850,4.06
6851,4.06
6852,4.06
6853,4.06
6854,3.377147523
6855,4.06
6856,4.06
6857,4.06
6858,4.06
6859,4.06
6860,4.06
6861,4.06
6862,4.06
6863,4.05
6864,4.05
6865,4.04
6866,4.04
6867,4.04
6868,4.03
6869,4.03
6870,4.06
6871,4.06
6872,4.06
6873,4.06
6874,4.06
6875,4.06
6876,4.06
6877,4.06
6878,4.06
6879,4.06
6880,4.06
6881,4.06
6882,4.06
6883,4.06
6884,4.06
6885,4.06
6886,4.06
6887,4.06
6888,4.05
6889,4.03
6890,4.02
6891,4.02
6892,4.01
6893,4.02
6894,4.06
6895,4.06
6896,3.183621596
6897,4.06
6898,4.06
6899,4.06
6900,4.06
6901,4.06
6902,4.06
6903,4.06
6904,4.06
6905,4.06
6906,4.06
6907,4.06
6908,4.06
6909,4.05
6910,4.05
6911,4.04
6912,4.04
6913,4.03
6914,4.03
6915,4.03
6916,4.02
6917,4.01
6918,4.02
6919,4.05
6920,4.06
6921,4.06
6922,4.06
6923,4.06
6924,4.06
6925,4.06
6926,4.06
6927,4.06
6928,4.06
6929,4.04
6930,2.953787094
6931,4.01
6932,3.99
6933,3.97
6934,3.97
6935,3.96
6936,3.96
6937,3.95
6938,3.95
6939,3.95
6940,3.95
6941,3.97
6942,4
6943,4.06
6944,4.06
6945,4.06
6946,4.06
6947,4.06
6948,4.06
6949,4.06
6950,4.06
6951,4.06
6952,4.06
6953,4.06
6954,4.06
6955,4.06
6956,4.05
6957,4.05
6958,4.05
6959,4.05
6960,4.05
6961,4.05
6962,4.05
6963,4.05
6964,4.05
6965,4.05
6966,4.06
6967,4.06
6968,4.06
6969,4.06
6970,4.06
6971,4.06
6972,4.06
6973,4.06
6974,4.06
6975,4.06
6976,4.06
6977,4.06
6978,4.06
6979,4.05
6980,3.044386858
6981,4.03
6982,4.02
6983,4.02
6984,4.02
6985,4.02
6986,4.03
6987,4.03
6988,4.04
6989,4.04
6990,4.05
6991,4.06
6992,4.06
6993,4.06
6994,4.06
6995,4.06
6996,4.06
6997,4.06
6998,4.06
6999,4.06
7000,4.06
7001,4.06
7002,4.06
7003,4.06
7004,4.06
7005,4.06
7006,4.05
7007,4.05
7008,4.04
7009,4.04
7010,4.03
7011,4.03
7012,4.02
7013,4.03
7014,4.04
7015,4.06
7016,4.06
7017,4.06
7018,4.06
7019,3.30743039
7020,4.06
7021,4.06
7022,4.06
7023,4.06
7024,4.06
7025,4.06
7026,4.06
7027,4.06
7028,4.06
7029,4.06
7030,4.06
7031,4.06
7032,4.06
7033,4.06
7034,4.06
7035,4.06
7036,4.06
7037,4.06
7038,4.06
7039,4.06
7040,4.06
7041,4.06
7042,4.06
7043,4.06
7044,4.06
7045,4.06
7046,4.06
7047,4.06
7048,4.06
7049,4.06
7050,4.06
7051,4.06
7052,4.06
7053,4.06
7054,4.05
7055,4.04
7056,4.04
7057,4.02
7058,4
7059,4
7060,3.99
7061,3.99
7062,4.02
7063,4.05
7064,4.06
7065,4.06
7066,3.302827665
7067,4.06
7068,4.06
7069,4.06
7070,4.06
7071,4.06
7072,4.06
7073,4.05
7074,4.05
7075,4.04
7076,4.03
7077,4.02
7078,4.01
7079,4
7080,3.98
7081,3.98
7082,3.262058325
7083,3.97
7084,3.97
7085,3.97
7086,4
7087,4.05
7088,4.06
7089,4.06
7090,4.06
7091,4.06
7092,4.06
7093,4.06
7094,4.06
7095,4.06
7096,4.06
7097,4.06
7098,4.06
7099,4.06
7100,4.06
7101,4.06
7102,4.06
7103,4.06
7104,4.05
7105,4.05
7106,4.04
7107,4.04
7108,4.04
7109,4.04
7110,4.05
7111,4.06
7112,4.06
7113,4.06
7114,4.06
7115,4.06
7116,4.06
7117,4.06
7118,4.06
7119,4.06
7120,4.06
7121,4.06
7122,4.06
7123,4.06
7124,4.06
7125,4.06
7126,4.06
7127,4.06
7128,4.06
7129,4.06
7130,4.06
7131,4.06
7132,4.06
7133,4.06
7134,4.06
7135,4.06
7136,4.06
7137,4.06
7138,4.06
7139,4.06
7140,4.06
7141,4.06
7142,3.025513393
7143,4.06
7144,4.06
7145,4.06
7146,4.04
7147,4.03
7148,4.02
7149,4
7150,3.99
7151,3.95
7152,3.93
7153,3.91
7154,3.91
7155,3.91
7156,3.9
7157,3.91
7158,3.95
7159,4.04
7160,4.06
7161,4.06
7162,4.06
7163,4.06
7164,4.06
7165,4.06
7166,4.06
7167,2.964557377
7168,4.06
7169,4.06
7170,4.06
7171,4.06
7172,4.06
7173,4.05
7174,4.05
7175,4.05
7176,4.04
7177,4.03
7178,4.03
7179,4.03
7180,4.03
7181,4.02
7182,4.01
7183,4.01
7184,4.02
7185,4.03
7186,4.04
7187,4.04
7188,4.03
7189,4.03
7190,4.03
7191,4.01
7192,3.98
7193,3.92
7194,3.87
7195,3.84
7196,3.8
7197,3.79
7198,3.75
7199,3.71
7200,3.67
7201,3.64
7202,3.6
7203,3.57
7204,3.55
7205,3.54
7206,3.52
7207,3.53
7208,3.64
7209,3.74
7210,3.87
7211,3.93
7212,3.97
7213,3.99
7214,3.99
7215,3.95
7216,3.87
7217,3.77
7218,3.69
7219,3.65
7220,3.62
7221,3.6
7222,3.57
7223,2.887673861
7224,3.52
7225,3.52
7226,3.5
7227,3.5
7228,3.49
7229,3.47
7230,3.46
7231,3.48
7232,3.57
7233,3.66
7234,3.79
7235,3.87
7236,3.91
7237,3.93
7238,3.93
7239,3.89
7240,3.8
7241,3.67
7242,3.6
7243,3.55
7244,3.51
7245,3.47
7246,3.43
7247,3.39
7248,3.34
7249,3.31
7250,3.27
7251,3.23
7252,3.23
7253,3.21
7254,3.2
7255,3.24
7256,3.36
7257,3.49
7258,3.66
7259,3.74
7260,2.928852459
7261,3.81
7262,3.8
7263,3.74
7264,3.63
7265,3.51
7266,3.44
7267,3.4
7268,3.36
7269,3.33
7270,3.27
7271,3.23
7272,3.2
7273,3.19
7274,3.15
7275,3.12
7276,3.12
7277,3.09
7278,3.09
7279,3.11
7280,3.24
7281,3.36
7282,3.55
7283,3.67
7284,3.76
7285,3.8
7286,3.81
7287,3.72
7288,3.59
7289,2.726898011
7290,3.39
7291,3.35
7292,3.31
7293,3.3
7294,3.27
7295,3.25
7296,3.22
7297,3.22
7298,3.21
7299,3.22
7300,3.22
7301,3.24
7302,3.25
7303,3.29
7304,3.38
7305,3.46
7306,3.56
7307,3.62
7308,3.67
7309,3.7
7310,3.72
7311,3.73
7312,3.73
7313,3.75
7314,3.77
7315,3.79
7316,3.81
7317,3.83
7318,3.85
7319,3.88
7320,3.89
7321,3.91
7322,3.93
7323,3.95
7324,3.97
7325,3.98
7326,3.99
7327,4
7328,4.02
7329,3.309632495
7330,4.06
7331,4.06
7332,4.06
7333,4.06
7334,4.06
7335,4.06
7336,4.06
7337,4.06
7338,4.06
7339,4.06
7340,4.06
7341,4.05
7342,4.05
7343,4.04
7344,4.03
7345,4.02
7346,4.02
7347,4.01
7348,4.01
7349,4.01
7350,4
7351,4
7352,4.02
7353,4.04
7354,4.05
7355,4.06
7356,4.06
7357,4.06
7358,4.06
7359,4.06
7360,4.05
7361,4.04
7362,4.03
7363,4.02
7364,4.01
7365,4.01
7366,4.01
7367,4
7368,4
7369,3.99
7370,3.98
7371,3.98
7372,3.97
7373,3.96
7374,3.95
7375,3.96
7376,3.326286932
7377,4.03
7378,4.04
7379,4.05
7380,4.05
7381,4.05
7382,4.05
7383,4.05
7384,4.04
7385,4.01
7386,3.99
7387,3.97
7388,3.96
7389,3.95
7390,3.93
7391,3.92
7392,3.91
7393,3.89
7394,3.86
7395,3.85
7396,3.83
7397,3.82
7398,3.81
7399,3.81
7400,3.311978998
7401,3.91
7402,3.97
7403,3.99
7404,4
7405,4
7406,4
7407,3.97
7408,3.91
7409,3.84
7410,3.8
7411,3.77
7412,3.75
7413,3.74
7414,3.72
7415,3.7
7416,3.7
7417,3.7
7418,3.69
7419,3.69
7420,3.7
7421,3.69
7422,3.7
7423,3.71
7424,3.76
7425,3.8
7426,3.85
7427,3.88
7428,3.9
7429,3.91
7430,3.91
7431,3.88
7432,3.82
7433,3.78
7434,3.75
7435,3.73
7436,3.72
7437,3.71
7438,3.69
7439,3.67
7440,3.64
7441,3.62
7442,3.6
7443,3.58
7444,3.58
7445,3.57
7446,3.56
7447,3.58
7448,3.66
7449,3.75
7450,3.162171821
7451,3.9
7452,3.92
7453,3.93
7454,3.93
7455,3.92
7456,3.86
7457,3.82
7458,3.79
7459,3.76
7460,3.73
7461,3.7
7462,3.66
7463,3.63
7464,3.6
7465,3.57
7466,3.54
7467,3.52
7468,3.49
7469,3.48
7470,3.46
7471,3.46
7472,3.51
7473,3.07235125
7474,3.7
7475,3.76
7476,3.8
7477,3.81
7478,3.8
7479,3.77
7480,3.7
7481,3.64
7482,3.61
7483,3.58
7484,3.56
7485,3.55
7486,3.52
7487,3.51
7488,3.5
7489,3.49
7490,3.49
7491,3.49
7492,3.49
7493,3.49
7494,3.49
7495,2.735876
7496,3.52
7497,3.56
7498,3.63
7499,3.67
7500,3.7
7501,3.73
7502,3.73
7503,3.7
7504,3.61
7505,3.52
7506,3.47
7507,3.44
7508,3.39
7509,3.35
7510,3.32
7511,3.28
7512,3.25
7513,3.23
7514,3.2
7515,3.19
7516,3.18
7517,3.16
7518,3.15
7519,3.15
7520,3.22
7521,3.33
7522,3.44
7523,3.53
7524,3.6
7525,3.64
7526,3.64
7527,3.58
7528,3.45
7529,3.37
7530,3.32
7531,3.29
7532,3.27
7533,3.26
7534,3.25
7535,3.23
7536,3.22
7537,3.21
7538,3.2
7539,3.2
7540,3.2
7541,3.2
7542,3.2
7543,3.21
7544,3.24
7545,3.29
7546,3.36
7547,2.712414391
7548,3.46
7549,3.49
7550,3.49
7551,3.45
7552,3.42
7553,3.4
7554,3.4
7555,3.4
7556,3.41
7557,3.41
7558,3.41
7559,3.41
7560,3.41
7561,3.43
7562,3.43
7563,3.44
7564,3.45
7565,3.45
7566,3.45
7567,3.46
7568,3.49
7569,3.55
7570,3.62
7571,3.65
7572,3.67
7573,3.68
7574,3.68
7575,3.64
7576,3.57
7577,3.52
7578,3.48
7579,3.46
7580,3.44
7581,3.42
7582,3.4
7583,3.38
7584,3.37
7585,3.35
7586,3.34
7587,3.33
7588,3.33
7589,3.33
7590,3.34
7591,3.34
7592,3.38
7593,3.45
7594,3.52
7595,3.57
7596,3.6
7597,3.03932266
7598,3.62
7599,3.6
7600,3.56
7601,3.54
7602,3.51
7603,3.5
7604,2.968819646
7605,3.46
7606,3.44
7607,3.41
7608,3.39
7609,3.38
7610,3.35
7611,3.32
7612,3.31
7613,3.29
7614,3.28
7615,3.28
7616,3.35
7617,3.45
7618,3.56
7619,3.65
7620,3.71
7621,3.74
7622,3.73
7623,3.65
7624,3.55
7625,3.5
7626,3.46
7627,3.45
7628,3.43
7629,3.41
7630,3.38
7631,3.37
7632,3.37
7633,3.36
7634,3.36
7635,3.36
7636,2.937670703
7637,3.38
7638,3.4
7639,3.41
7640,3.46
7641,3.52
7642,3.59
7643,3.64
7644,3.67
7645,3.7
7646,3.7
7647,3.68
7648,3.62
7649,3.59
7650,3.56
7651,3.54
7652,3.53
7653,3.52
7654,3.5
7655,3.48
7656,3.47
7657,3.46
7658,3.45
7659,3.43
7660,3.42
7661,3.39
7662,3.39
7663,3.38
7664,3.41
7665,3.47
7666,3.54
7667,3.6
7668,3.65
7669,3.68
7670,3.69
7671,3.65
7672,3.55
7673,3.48
7674,2.611423825
7675,3.42
7676,3.38
7677,3.36
7678,3.33
7679,3.31
7680,3.3
7681,3.29
7682,3.28
7683,3.26
7684,3.24
7685,3.23
7686,3.24
7687,3.25
7688,3.28
7689,3.33
7690,3.41
7691,3.48
7692,3.53
7693,3.56
7694,3.57
7695,3.57
7696,3.56
7697,3.56
7698,3.56
7699,3.56
7700,3.56
7701,3.55
7702,3.55
7703,3.54
7704,3.53
7705,3.53
7706,3.53
7707,3.52
7708,3.53
7709,3.52
7710,3.52
7711,3.52
7712,3.54
7713,3.56
7714,3.59
7715,3.61
7716,3.62
7717,3.62
7718,3.61
7719,2.845092593
7720,3.55
7721,3.53
7722,3.5
7723,3.48
7724,3.48
7725,3.47
7726,2.934827039
7727,3.48
7728,3.47
7729,3.47
7730,3.46
7731,3.46
7732,3.45
7733,3.45
7734,3.43
7735,3.43
7736,3.45
7737,3.51
7738,3.57
7739,3.61
7740,3.64
7741,3.65
7742,3.64
7743,3.6
7744,3.54
7745,3.48
7746,3.45
7747,3.42
7748,3.39
7749,3.37
7750,3.32
7751,3.3
7752,3.28
7753,3.28
7754,3.27
7755,3.26
7756,3.26
7757,3.26
7758,3.26
7759,3.25
7760,3.27
7761,3.32
7762,3.36
7763,3.41
7764,3.44
7765,3.46
7766,3.46
7767,3.45
7768,3.42
7769,3.39
7770,2.589368421
7771,3.36
7772,3.34
7773,3.33
7774,3.34
7775,3.33
7776,3.32
7777,3.32
7778,3.31
7779,3.32
7780,3.32
7781,3.33
7782,3.34
7783,3.35
7784,3.38
7785,3.42
7786,3.47
7787,3.53
7788,3.58
7789,3.62
7790,3.63
7791,3.62
7792,3.58
7793,3.55
7794,3.54
7795,3.52
7796,2.838251001
7797,3.5
7798,3.48
7799,3.46
7800,3.44
7801,3.44
7802,3.44
7803,3.44
7804,3.45
7805,3.44
7806,3.44
7807,3.45
7808,3.47
7809,3.52
7810,3.59
7811,3.65
7812,3.69
7813,3.71
7814,3.69
7815,3.64
7816,3.58
7817,3.55
7818,3.52
7819,3.51
7820,3.49
7821,3.47
7822,3.46
7823,3.46
7824,3.46
7825,3.46
7826,3.45
7827,3.45
7828,3.46
7829,3.46
7830,3.47
7831,3.48
7832,2.861099782
7833,3.63
7834,3.74
7835,3.84
7836,3.9
7837,3.93
7838,3.92
7839,3.87
7840,3.82
7841,3.77
7842,3.73
7843,3.7
7844,3.65
7845,3.63
7846,3.61
7847,3.58
7848,3.55
7849,3.53
7850,3.5
7851,3.48
7852,3.47
7853,3.45
7854,3.44
7855,3.43
7856,3.45
7857,3.54
7858,3.65
7859,3.73
7860,3.79
7861,3.82
7862,3.81
7863,3.74
7864,3.65
7865,3.58
7866,3.53
7867,3.49
7868,3.46
7869,3.45
7870,3.43
7871,3.41
7872,3.39
7873,3.39
7874,3.39
7875,3.4
7876,3.42
7877,2.887828553
7878,3.43
7879,3.43
7880,3.45
7881,3.49
7882,3.54
7883,3.58
7884,3.61
7885,3.63
7886,3.63
7887,3.61
7888,3.59
7889,3.57
7890,3.56
7891,3.55
7892,3.55
7893,3.55
7894,3.54
7895,3.54
7896,3.52
7897,3.53
7898,3.54
7899,3.54
7900,3.56
7901,3.57
7902,3.58
7903,3.6
7904,3.63
7905,3.69
7906,3.100845771
7907,3.83
7908,3.87
7909,3.9
7910,3.91
7911,3.88
7912,3.84
7913,3.82
7914,3.81
7915,3.8
7916,3.79
7917,3.78
7918,3.77
7919,3.76
7920,3.73
7921,3.73
7922,3.72
7923,3.72
7924,3.72
7925,3.71
7926,3.72
7927,3.73
7928,3.76
7929,3.79
7930,3.83
7931,3.87
7932,3.9
7933,3.92
7934,3.93
7935,3.93
7936,3.9
7937,3.9
7938,3.89
7939,3.89
7940,3.89
7941,3.9
7942,3.91
7943,3.91
7944,3.91
7945,3.91
7946,3.91
7947,3.92
7948,3.91
7949,3.91
7950,3.91
7951,3.92
7952,3.93
7953,3.96
7954,3.98
7955,4
7956,4
7957,3.99
7958,3.98
7959,3.96
7960,2.926150943
7961,3.92
7962,3.91
7963,3.89
7964,3.88
7965,3.87
7966,3.87
7967,3.85
7968,3.83
7969,3.81
7970,3.78
7971,3.74
7972,3.7
7973,3.67
7974,3.64
7975,3.6
7976,2.849612795
7977,3.62
7978,3.65
7979,3.68
7980,3.68
7981,3.67
7982,3.64
7983,3.59
7984,3.52
7985,3.48
7986,3.44
7987,3.4
7988,3.38
7989,3.35
7990,3.31
7991,3.29
7992,3.27
7993,3.26
7994,3.25
7995,3.24
7996,3.23
7997,3.21
7998,3.19
7999,3.19
8000,3.2
8001,3.29
8002,3.4
8003,3.48
8004,3.53
8005,3.55
8006,3.53
8007,3.46
8008,3.35
8009,3.28
8010,3.23
8011,3.18
8012,3.15
8013,3.13
8014,3.11
8015,3.1
8016,3.1
8017,3.09
8018,3.08
8019,3.08
8020,3.08
8021,3.08
8022,3.08
8023,3.09
8024,3.1
8025,3.15
8026,3.2
8027,3.25
8028,3.28
8029,3.3
8030,3.3
8031,3.28
8032,3.25
8033,3.24
8034,3.23
8035,3.22
8036,3.22
8037,3.21
8038,3.2
8039,2.748941247
8040,3.18
8041,3.17
8042,3.16
8043,3.16
8044,3.16
8045,3.16
8046,3.16
8047,3.16
8048,3.17
8049,3.23
8050,3.31
8051,3.38
8052,3.43
8053,3.46
8054,3.46
8055,3.42
8056,3.39
8057,3.36
8058,3.34
8059,3.34
8060,3.33
8061,3.33
8062,3.33
8063,3.32
8064,3.29
8065,3.29
8066,3.28
8067,2.842812099
8068,3.26
8069,3.26
8070,3.25
8071,3.25
8072,3.28
8073,3.34
8074,3.42
8075,3.48
8076,3.53
8077,3.56
8078,3.56
8079,3.51
8080,3.45
8081,3.41
8082,3.38
8083,3.35
8084,3.34
8085,3.32
8086,3.3
8087,3.27
8088,3.24
8089,3.21
8090,3.19
8091,3.16
8092,3.15
8093,3.14
8094,3.13
8095,3.12
8096,3.15
8097,2.816219042
8098,3.32
8099,3.41
8100,3.48
8101,3.52
8102,3.52
8103,3.43
8104,3.32
8105,3.25
8106,3.2
8107,3.17
8108,3.13
8109,3.11
8110,3.09
8111,3.06
8112,3.04
8113,3.03
8114,3.02
8115,3
8116,2.98
8117,2.97
8118,2.97
8119,2.96
8120,2.99
8121,2.71347226
8122,3.17
8123,3.26
8124,3.32
8125,3.34
8126,3.32
8127,3.25
8128,3.18
8129,3.15
8130,3.14
8131,3.12
8132,3.11
8133,3.1
8134,3.09
8135,3.08
8136,3.07
8137,3.08
8138,3.1
8139,3.11
8140,3.12
8141,3.13
8142,3.14
8143,3.16
8144,3.19
8145,3.25
8146,3.31
8147,3.38
8148,3.44
8149,3.48
8150,3.49
8151,3.48
8152,3.46
8153,3.46
8154,3.48
8155,3.5
8156,3.52
8157,3.54
8158,3.57
8159,3.6
8160,3.62
8161,3.65
8162,3.68
8163,3.72
8164,3.74
8165,3.76
8166,3.77
8167,3.301805387
8168,3.78
8169,3.81
8170,3.84
8171,3.87
8172,3.88
8173,3.88
8174,3.87
8175,3.84
8176,3.81
8177,3.79
8178,3.77
8179,3.76
8180,3.76
8181,3.76
8182,3.76
8183,3.76
8184,3.75
8185,3.75
8186,3.75
8187,3.76
8188,3.76
8189,3.77
8190,3.77
8191,3.78
8192,3.8
8193,3.85
8194,3.9
8195,3.95
8196,3.98
8197,3.99
8198,3.99
8199,3.97
8200,3.93
8201,3.9
8202,3.89
8203,3.88
8204,3.86
8205,3.84
8206,3.82
8207,3.79
8208,3.76
8209,3.74
8210,3.73
8211,3.72
8212,3.69
8213,3.68
8214,3.68
8215,3.66
8216,3.67
8217,3.245019166
8218,3.73
8219,3.76
8220,3.77
8221,3.76
8222,3.74
8223,3.7
8224,3.66
8225,3.64
8226,3.62
8227,3.59
8228,3.57
8229,3.55
8230,3.52
8231,3.49
8232,3.46
8233,3.42
8234,3.39
8235,3.36
8236,3.33
8237,3.3
8238,3.28
8239,3.26
8240,3.26
8241,3.32
8242,3.4
8243,3.46
8244,3.51
8245,3.52
8246,3.5
8247,3.43
8248,3.34
8249,3.3
8250,3.26
8251,2.758577064
8252,3.24
8253,3.24
8254,3.24
8255,3.24
8256,3.23
8257,3.24
8258,3.23
8259,3.22
8260,3.21
8261,3.21
8262,3.21
8263,3.21
8264,3.24
8265,3.28
8266,3.32
8267,3.36
8268,3.38
8269,3.39
8270,3.38
8271,3.36
8272,3.33
8273,3.32
8274,3.31
8275,3.31
8276,3.31
8277,3.31
8278,3.31
8279,3.31
8280,3.32
8281,3.32
8282,3.32
8283,3.32
8284,3.32
8285,3.32
8286,3.32
8287,3.32
8288,3.33
8289,3.36
8290,3.39
8291,3.43
8292,3.45
8293,3.46
8294,3.45
8295,3.42
8296,3.37
8297,3.33
8298,3.31
8299,3.28
8300,3.26
8301,2.779964851
8302,3.23
8303,3.21
8304,3.2
8305,3.2
8306,3.2
8307,3.2
8308,3.2
8309,3.21
8310,3.21
8311,3.22
8312,3.23
8313,3.26
8314,3.3
8315,3.34
8316,2.790156087
8317,3.39
8318,3.4
8319,3.39
8320,3.38
8321,3.38
8322,3.38
8323,3.4
8324,3.41
8325,3.42
8326,3.42
8327,3.42
8328,3.42
8329,3.43
8330,3.43
8331,3.43
8332,3.43
8333,3.43
8334,3.46
8335,3.49
8336,3.52
8337,3.55
8338,3.59
8339,3.61
8340,3.64
8341,3.65
8342,3.66
8343,3.65
8344,3.63
8345,3.63
8346,3.64
8347,3.63
8348,3.62
8349,3.61
8350,3.59
8351,3.58
8352,3.56
8353,3.55
8354,3.56
8355,3.58
8356,3.63
8357,3.67
8358,3.72
8359,3.75
8360,3.211037988
8361,3.82
8362,3.87
8363,3.91
8364,3.93
8365,3.92
8366,3.89
8367,3.83
8368,3.79
8369,3.76
8370,3.73
8371,3.71
8372,3.68
8373,3.65
8374,3.64
8375,3.61
8376,3.58
8377,3.58
8378,3.57
8379,3.57
8380,3.59
8381,3.59
8382,3.6
8383,3.61
8384,3.130399288
8385,3.69
8386,3.78
8387,3.85
8388,3.9
8389,3.92
8390,3.92
8391,3.88
8392,3.83
8393,3.79
8394,3.75
8395,3.73
8396,3.7
8397,3.68
8398,3.67
8399,3.67
8400,3.66
8401,3.67
8402,3.68
8403,3.68
8404,3.69
8405,3.69
8406,3.7
8407,3.71
8408,3.73
8409,3.8
8410,3.91
8411,3.98
8412,4.02
8413,4.03
8414,4.02
8415,3.26806278
8416,3.95
8417,3.93
8418,3.92
8419,3.91
8420,3.9
8421,3.9
8422,3.89
8423,3.88
8424,3.88
8425,3.87
8426,3.86
8427,3.82
8428,3.8
8429,3.78
8430,3.77
8431,3.76
8432,3.75
8433,3.78
8434,3.86
8435,3.92
8436,3.95
8437,3.96
8438,3.95
8439,3.88
8440,3.75
8441,3.67
8442,3.62
8443,3.59
8444,3.57
8445,3.55
8446,3.53
8447,3.53
8448,3.5
8449,3.5
8450,3.5
8451,3.5
8452,3.51
8453,3.51
8454,3.5
8455,3.49
8456,3.51
8457,3.58
8458,3.7
8459,3.8
8460,3.86
8461,3.9
8462,3.9
8463,3.85
8464,3.77
8465,3.73
8466,3.7
8467,3.68
8468,3.005403494
8469,3.63
8470,3.62
8471,3.6
8472,3.57
8473,3.55
8474,3.53
8475,3.51
8476,3.51
8477,3.5
8478,3.51
8479,3.53
8480,3.55
8481,3.65
8482,3.76
8483,3.84
8484,3.88
8485,3.9
8486,3.9
8487,3.9
8488,3.89
8489,3.9
8490,3.9
8491,3.89
8492,3.86
8493,3.84
8494,3.81
8495,3.78
8496,3.75
8497,3.73
8498,3.69
8499,3.65
8500,3.63
8501,3.6
8502,3.57
8503,3.55
8504,3.54
8505,3.6
8506,3.67
8507,3.74
8508,3.79
8509,3.186419396
8510,3.79
8511,3.73
8512,3.67
8513,3.63
8514,3.59
8515,3.56
8516,3.52
8517,3.49
8518,3.46
8519,3.45
8520,3.45
8521,3.46
8522,3.46
8523,3.46
8524,3.48
8525,3.48
8526,3.49
8527,3.5
8528,3.52
8529,3.56
8530,3.61
8531,3.67
8532,3.71
8533,3.73
8534,3.73
8535,3.72
8536,3.7
8537,3.69
8538,3.68
8539,3.68
8540,3.67
8541,3.196299537
8542,3.66
8543,3.65
8544,3.65
8545,3.65
8546,3.65
8547,3.66
8548,3.66
8549,3.66
8550,3.66
8551,3.66
8552,3.66
8553,3.68
8554,3.71
8555,3.74
8556,3.76
8557,3.77
8558,3.76
8559,3.74
8560,3.71
8561,3.7
8562,3.68
8563,3.68
8564,3.67
8565,3.66
8566,3.65
8567,3.64
8568,3.63
8569,3.124059701
8570,3.61
8571,3.6
8572,3.6
8573,3.58
8574,3.58
8575,3.57
8576,3.57
8577,3.59
8578,3.64
8579,3.67
8580,3.71
8581,3.72
8582,3.73
8583,3.73
8584,3.72
8585,3.73
8586,3.73
8587,3.73
8588,3.72
8589,3.72
8590,3.71
8591,3.71
8592,3.7
8593,3.7
8594,3.69
8595,3.69
8596,3.69
8597,3.68
8598,3.67
8599,3.66
8600,3.65
8601,3.66
8602,3.67
8603,3.68
8604,3.074751131
8605,3.68
8606,3.68
8607,3.65
8608,3.62
8609,3.6
8610,3.57
8611,3.56
8612,3.54
8613,3.53
8614,3.51
8615,3.49
8616,3.46
8617,3.45
8618,3.43
8619,3.41
8620,3.4
8621,3.39
8622,3.39
8623,3.38
8624,3.38
8625,3.41
8626,3.47
8627,3.52
8628,3.55
8629,3.56
8630,3.54
8631,3.51
8632,3.47
8633,3.45
8634,3.43
8635,3.42
8636,3.41
8637,3.42
8638,3.42
8639,3.41
8640,3.41
8641,3.41
8642,3.41
8643,3.4
8644,3.4
8645,3.4
8646,3.39
8647,3.39
8648,3.38
8649,2.824061615
8650,3.45
8651,3.49
8652,3.5
8653,3.51
8654,3.5
8655,3.46
8656,3.41
8657,3.38
8658,3.35
8659,3.31
8660,3.28
8661,3.26
8662,3.23
8663,3.2
8664,3.17
8665,3.15
8666,3.13
8667,3.12
8668,3.09
8669,3.06
8670,3.05
8671,3.04
8672,3.05
8673,3.1
8674,3.17
8675,3.22
8676,3.25
8677,3.27
8678,3.26
8679,3.22
8680,3.15
8681,3.12
8682,3.09
8683,3.08
8684,3.07
8685,3.05
8686,3.03
8687,3.01
8688,2.98
8689,2.96
8690,2.93
8691,2.92
8692,2.91
8693,2.89
8694,2.89
8695,2.89
8696,2.91
8697,3
8698,3.1
8699,2.644028333
8700,3.25
8701,3.29
8702,3.3
8703,3.26
8704,3.2
8705,3.17
8706,3.16
8707,3.16
8708,3.14
8709,3.14
8710,3.13
8711,3.13
8712,3.1
8713,3.1
8714,3.11
8715,3.11
8716,2.75257732
8717,3.13
8718,3.13
8719,3.14
8720,3.17
8721,3.26
8722,3.39
8723,3.5
8724,3.6
8725,3.67
8726,3.67
8727,3.59
8728,3.48
8729,3.43
8730,3.39
8731,3.37
8732,3.34
8733,3.33
8734,3.31
8735,3.3
8736,3.27
8737,3.27
8738,3.26
8739,3.27
8740,3.26
8741,3.26
8742,3.27
8743,3.25
8744,3.26
8745,3.33
8746,3.41
8747,3.48
8748,3.53
8749,3.55
8750,3.55
8751,3.5
8752,3.43
8753,3.38
8754,3.34
8755,3.31
8756,3.28
8757,3.25
8758,3.23
8759,3.18
8760,2.792279396
